playerID,focusTime1,focusEnvTime1,focusPeoTime1,focusUITime1,jumpCount1,EnvPeo1,EnvUI1,PeoEnv1,PeoUI1,UIEnv1,UIPeo1,focusTime2,focusEnvTime2,focusPeoTime2,focusUITime2,jumpCount2,EnvPeo2,EnvUI2,PeoEnv2,PeoUI2,UIEnv2,UIPeo2,focusTime3,focusEnvTime3,focusPeoTime3,focusUITime3,jumpCount3,EnvPeo3,EnvUI3,PeoEnv3,PeoUI3,UIEnv3,UIPeo3,focusTime4,focusEnvTime4,focusPeoTime4,focusUITime4,jumpCount4,EnvPeo4,EnvUI4,PeoEnv4,PeoUI4,UIEnv4,UIPeo4,focusTime5,focusEnvTime5,focusPeoTime5,focusUITime5,jumpCount5,EnvPeo5,EnvUI5,PeoEnv5,PeoUI5,UIEnv5,UIPeo5,focusTime6,focusEnvTime6,focusPeoTime6,focusUITime6,jumpCount6,EnvPeo6,EnvUI6,PeoEnv6,PeoUI6,UIEnv6,UIPeo6
A01,1223,0.34341782502044155,0.0,0.6565821749795585,48,0.0,0.5,0.0,0.0,0.5,0.0,3401,0.4672155248456336,0.0,0.5327844751543663,154,0.0,0.5,0.0,0.0,0.5,0.0,6518,0.4898741945382019,0.09788278613071494,0.41224301933108315,904,0.1958,0.26991,0.19469,0.0354,0.26991,0.03429,11102,0.34372185191857324,0.004053323725454873,0.6522248243559718,578,0.01211,0.48616,0.01211,0.00173,0.48616,0.00173,3909,0.2719365566641085,0.008697876694806856,0.7193655666410846,288,0.02778,0.45833,0.03125,0.01389,0.45139,0.01736,343,0.8250728862973761,0.0,0.1749271137026239,10,0.0,0.5,0.0,0.0,0.5,0.0
A02,979,0.24208375893769152,0.0,0.7579162410623085,19,0.0,0.52632,0.0,0.0,0.47368,0.0,3432,0.3557692307692308,0.0,0.6442307692307693,82,0.0,0.5,0.0,0.0,0.5,0.0,6040,0.44900662251655626,0.10132450331125828,0.44966887417218543,429,0.19814,0.2704,0.17483,0.04429,0.29138,0.02098,7984,0.3177605210420842,0.0156563126252505,0.6665831663326653,236,0.04237,0.45763,0.03814,0.00424,0.45763,0.0,3092,0.19534282018111254,0.007761966364812419,0.796895213454075,107,0.03738,0.46729,0.03738,0.0,0.45794,0.0,307,0.7328990228013029,0.0,0.2671009771986971,6,0.0,0.5,0.0,0.0,0.5,0.0
A04,782,0.20588235294117646,0.0,0.7941176470588235,19,0.0,0.52632,0.0,0.0,0.47368,0.0,3776,0.2330508474576271,0.0,0.7669491525423728,94,0.0,0.5,0.0,0.0,0.5,0.0,7260,0.39380165289256197,0.0987603305785124,0.5074380165289256,506,0.19565,0.26482,0.18577,0.04545,0.27273,0.03557,7416,0.24204422869471412,0.03398058252427184,0.7239751887810141,242,0.09091,0.40496,0.08264,0.00826,0.41322,0.0,2767,0.22732200939645825,0.0,0.7726779906035417,99,0.0,0.50505,0.0,0.0,0.49495,0.0,308,0.7337662337662337,0.0,0.2662337662337662,3,0.0,0.66667,0.0,0.0,0.33333,0.0
A05,644,0.2096273291925466,0.0,0.7903726708074534,21,0.0,0.52381,0.0,0.0,0.47619,0.0,3696,0.42803030303030304,0.0,0.571969696969697,144,0.0,0.5,0.0,0.0,0.5,0.0,6642,0.4531767539897621,0.13459801264679314,0.41222523336344474,539,0.22449,0.2449,0.19852,0.04453,0.26902,0.01855,6931,0.30370797864665994,0.027124513057278893,0.6691675082960612,164,0.07317,0.42073,0.06707,0.0122,0.42073,0.0061,3128,0.25767263427109977,0.006074168797953964,0.7362531969309463,125,0.072,0.424,0.064,0.008,0.432,0.0,306,0.6797385620915033,0.0,0.3202614379084967,5,0.0,0.6,0.0,0.0,0.4,0.0
A06,1346,0.38410104011887075,0.0,0.6158989598811293,32,0.0,0.5,0.0,0.0,0.5,0.0,4624,0.3490484429065744,0.0,0.6509515570934256,176,0.0,0.5,0.0,0.0,0.5,0.0,7098,0.4502676810369118,0.11411665257819104,0.4356156663848971,654,0.16667,0.30887,0.16208,0.02752,0.31193,0.02294,7728,0.37085921325051757,0.009446169772256728,0.6196946169772257,441,0.02494,0.47619,0.02494,0.0,0.47392,0.0,4025,0.18683229813664595,0.003975155279503106,0.809192546583851,161,0.02484,0.47205,0.01863,0.00621,0.47826,0.0,352,0.5994318181818182,0.0,0.4005681818181818,5,0.0,0.6,0.0,0.0,0.4,0.0
A07,1631,0.41569589209074187,0.0,0.5843041079092581,60,0.0,0.5,0.0,0.0,0.5,0.0,3812,0.34601259181532007,0.0,0.6539874081846799,112,0.0,0.5,0.0,0.0,0.5,0.0,7356,0.46451876019575855,0.1407014681892333,0.39477977161500816,697,0.21664,0.26255,0.19943,0.03013,0.27834,0.01291,9457,0.3078143174368193,0.02389764195833774,0.6682880406048429,303,0.0429,0.45215,0.033,0.0099,0.46205,0.0,3826,0.30031364349189754,0.014375326711970726,0.6853110297961317,185,0.05946,0.42703,0.07027,0.01081,0.41081,0.02162,355,0.7211267605633803,0.0,0.27887323943661974,5,0.0,0.6,0.0,0.0,0.4,0.0
A09,1093,0.35681610247026535,0.0,0.6431838975297347,42,0.0,0.5,0.0,0.0,0.5,0.0,3548,0.4456031567080045,0.0,0.5543968432919955,158,0.0,0.5,0.0,0.0,0.5,0.0,7819,0.5528840005115744,0.11050006394679626,0.3366159355416294,787,0.19441,0.28081,0.17535,0.03431,0.29987,0.01525,10510,0.33910561370123693,0.007992388201712655,0.6529019980970504,401,0.01995,0.47631,0.01496,0.00748,0.4788,0.00249,3815,0.29174311926605506,0.04639580602883355,0.6618610747051114,225,0.10667,0.38667,0.11111,0.00444,0.38222,0.00889,348,0.7873563218390804,0.0,0.21264367816091953,7,0.0,0.57143,0.0,0.0,0.42857,0.0
A10,1441,0.2512144344205413,0.0,0.7487855655794587,23,0.0,0.52174,0.0,0.0,0.47826,0.0,3788,0.4028511087645195,0.0,0.5971488912354804,124,0.0,0.5,0.0,0.0,0.5,0.0,7900,0.42227848101265825,0.17417721518987342,0.40354430379746836,760,0.21842,0.23421,0.21447,0.05,0.23684,0.04605,12747,0.2595120420491096,0.007217384482623363,0.7332705734682671,345,0.02029,0.47536,0.01739,0.0058,0.47826,0.0029,3432,0.21503496503496503,0.031177156177156176,0.7537878787878788,173,0.08671,0.39884,0.09249,0.01156,0.39306,0.01734,332,0.7710843373493976,0.0,0.2289156626506024,3,0.0,0.66667,0.0,0.0,0.33333,0.0
A11,1124,0.3291814946619217,0.0,0.6708185053380783,29,0.0,0.51724,0.0,0.0,0.48276,0.0,3133,0.3906798595595276,0.0,0.6093201404404723,86,0.0,0.5,0.0,0.0,0.5,0.0,6483,0.4633657257442542,0.11044269628258523,0.4261915779731606,498,0.17671,0.28313,0.17068,0.04418,0.28715,0.03815,9898,0.24681753889674682,0.005253586583148111,0.747928874520105,296,0.02027,0.47973,0.01689,0.00338,0.47973,0.0,2908,0.2551581843191197,0.0020632737276478678,0.7427785419532325,97,0.02062,0.48454,0.02062,0.0,0.47423,0.0,349,0.6934097421203438,0.0,0.30659025787965616,6,0.0,0.5,0.0,0.0,0.5,0.0
A12,928,0.47844827586206895,0.0,0.521551724137931,22,0.0,0.5,0.0,0.0,0.5,0.0,3322,0.41330523780854905,0.0,0.5866947621914509,76,0.0,0.5,0.0,0.0,0.5,0.0,7029,0.44529805093185376,0.18480580452411438,0.36989614454403186,665,0.23008,0.22406,0.22556,0.04812,0.22857,0.04361,9830,0.3935910478128179,0.022177009155645983,0.5842319430315361,316,0.06646,0.42722,0.06646,0.00633,0.42722,0.00633,4119,0.3702354940519544,0.02087885409079874,0.6088856518572469,146,0.07534,0.42466,0.07534,0.0,0.42466,0.0,332,0.6295180722891566,0.0,0.3704819277108434,1,0.0,1.0,0.0,0.0,0.0,0.0
A13,1626,0.2656826568265683,0.0,0.7343173431734318,36,0.0,0.5,0.0,0.0,0.5,0.0,4415,0.34133635334088336,0.0,0.6586636466591167,120,0.0,0.5,0.0,0.0,0.5,0.0,6968,0.4664179104477612,0.06931687715269805,0.46426521239954077,410,0.22683,0.24634,0.21463,0.03415,0.2561,0.02195,8450,0.3131360946745562,0.004260355029585799,0.682603550295858,225,0.03111,0.46667,0.02222,0.00889,0.47111,0.0,3056,0.24116492146596857,0.01767015706806283,0.7411649214659686,126,0.07937,0.4127,0.07143,0.01587,0.4127,0.00794,320,0.709375,0.0,0.290625,10,0.0,0.5,0.0,0.0,0.5,0.0
A16,1219,0.37653814602132896,0.0,0.623461853978671,31,0.0,0.51613,0.0,0.0,0.48387,0.0,2931,0.47731149778232684,0.0,0.5226885022176732,104,0.0,0.5,0.0,0.0,0.5,0.0,7502,0.4872034124233538,0.15622500666488937,0.3565715809117569,677,0.22895,0.24815,0.21713,0.02954,0.25849,0.01773,8904,0.3208670260557053,0.023809523809523808,0.6553234501347709,468,0.06197,0.43803,0.06197,0.0,0.43803,0.0,2630,0.28060836501901143,0.004182509505703422,0.7152091254752851,126,0.04762,0.45238,0.03968,0.00794,0.45238,0.0,314,0.7070063694267515,0.0,0.2929936305732484,5,0.0,0.6,0.0,0.0,0.4,0.0
A17,1255,0.4788844621513944,0.0,0.5211155378486055,38,0.0,0.5,0.0,0.0,0.5,0.0,3893,0.3799126637554585,0.0,0.6200873362445415,150,0.0,0.5,0.0,0.0,0.5,0.0,6732,0.5322341057635175,0.09610814022578729,0.3716577540106952,532,0.13158,0.3515,0.12782,0.0188,0.35338,0.01692,8902,0.364412491574927,0.02527521905189845,0.6103122893731746,500,0.03,0.468,0.028,0.004,0.468,0.002,3427,0.34782608695652173,0.025094835132769187,0.627079077910709,179,0.02793,0.44693,0.03352,0.02235,0.44134,0.02793,363,0.7878787878787878,0.0,0.21212121212121213,5,0.0,0.6,0.0,0.0,0.4,0.0
A20,900,0.3422222222222222,0.0,0.6577777777777778,30,0.0,0.5,0.0,0.0,0.5,0.0,3683,0.42926961715992396,0.0,0.570730382840076,138,0.0,0.5,0.0,0.0,0.5,0.0,7285,0.5940974605353466,0.0484557309540151,0.3574468085106383,652,0.12883,0.35123,0.12423,0.02301,0.35429,0.0184,8557,0.34229285964707257,0.0065443496552530095,0.6511627906976745,361,0.0277,0.47368,0.0277,0.0,0.47091,0.0,2968,0.28200808625336926,0.01650943396226415,0.7014824797843666,173,0.02312,0.47399,0.0289,0.0,0.46821,0.00578,319,0.7304075235109718,0.0,0.26959247648902823,8,0.0,0.5,0.0,0.0,0.5,0.0
A22,1104,0.26992753623188404,0.0,0.730072463768116,45,0.0,0.51111,0.0,0.0,0.48889,0.0,3526,0.31310266591038005,0.0,0.68689733408962,198,0.0,0.5,0.0,0.0,0.5,0.0,6983,0.444794500930832,0.11628240011456394,0.438923098954604,756,0.16931,0.28571,0.16534,0.04762,0.28836,0.04365,7950,0.3320754716981132,0.011320754716981131,0.6566037735849056,378,0.05291,0.44709,0.05026,0.00265,0.44709,0.0,3990,0.3411027568922306,0.018546365914786967,0.6403508771929824,240,0.05417,0.44583,0.05,0.00417,0.44583,0.0,304,0.680921052631579,0.0,0.3190789473684211,5,0.0,0.6,0.0,0.0,0.4,0.0
A23,1081,0.2858464384828862,0.0,0.7141535615171137,20,0.0,0.5,0.0,0.0,0.5,0.0,3599,0.25729369269241453,0.0,0.7427063073075855,94,0.0,0.5,0.0,0.0,0.5,0.0,10205,0.42302792748652623,0.17648211660950514,0.40048995590396863,828,0.19686,0.25966,0.19082,0.0471,0.26449,0.04106,13388,0.21967433522557514,0.02636689572751718,0.7539587690469077,395,0.02532,0.47595,0.02532,0.0,0.47342,0.0,4380,0.3764840182648402,0.00410958904109589,0.619406392694064,149,0.03356,0.46309,0.03356,0.00671,0.45638,0.00671,328,0.6707317073170732,0.0,0.32926829268292684,5,0.0,0.6,0.0,0.0,0.4,0.0
A24,1155,0.4051948051948052,0.0,0.5948051948051948,68,0.0,0.5,0.0,0.0,0.5,0.0,4216,0.5099620493358634,0.0,0.49003795066413663,206,0.0,0.5,0.0,0.0,0.5,0.0,7826,0.6119345770508561,0.1079734219269103,0.2800920010222336,895,0.2,0.27151,0.19106,0.03352,0.27933,0.02458,13231,0.5208978913158492,0.014209054493235583,0.46489305419091526,941,0.02763,0.46865,0.02657,0.00425,0.46971,0.00319,4667,0.4469680737090208,0.0006428112277694451,0.5523891150632098,273,0.00733,0.49084,0.00366,0.00366,0.49451,0.0,367,0.7929155313351499,0.0,0.20708446866485014,6,0.0,0.5,0.0,0.0,0.5,0.0
A25,849,0.30153121319199055,0.0,0.6984687868080094,26,0.0,0.5,0.0,0.0,0.5,0.0,3027,0.3280475718533201,0.0,0.6719524281466799,62,0.0,0.5,0.0,0.0,0.5,0.0,6792,0.46834511189634864,0.09849823321554771,0.4331566548881037,510,0.20784,0.27451,0.1902,0.02745,0.2902,0.0098,10994,0.2577769692559578,0.00454793523740222,0.73767509550664,329,0.01824,0.48328,0.01824,0.0,0.48024,0.0,4385,0.24561003420752567,0.009806157354618017,0.7445838084378563,139,0.02878,0.46763,0.03597,0.0,0.46043,0.00719,320,0.771875,0.0,0.228125,6,0.0,0.5,0.0,0.0,0.5,0.0
A28,1231,0.39561332250203085,0.0,0.6043866774979691,52,0.0,0.5,0.0,0.0,0.5,0.0,3749,0.384635902907442,0.0,0.615364097092558,112,0.0,0.5,0.0,0.0,0.5,0.0,6933,0.44180008654262226,0.13976633491994808,0.4184335785374297,750,0.19867,0.26533,0.17733,0.04667,0.28667,0.02533,7833,0.34137622877569257,0.0075322354142729475,0.6510915358100344,277,0.06859,0.41516,0.05776,0.02166,0.42599,0.01083,3208,0.2855361596009975,0.012780548628428928,0.7016832917705735,152,0.04605,0.45395,0.03947,0.00658,0.45395,0.0,333,0.5765765765765766,0.0,0.42342342342342343,1,0.0,1.0,0.0,0.0,0.0,0.0
C01,1299,0.45727482678983833,0.0,0.5427251732101617,58,0.0,0.5,0.0,0.0,0.5,0.0,3805,0.45229960578186595,0.0,0.547700394218134,204,0.0,0.5,0.0,0.0,0.5,0.0,7569,0.4581847007530717,0.14599022327916503,0.39582507596776323,542,0.19926,0.27675,0.17528,0.0369,0.29889,0.01292,9903,0.26406139553670605,0.009290114106836313,0.7266484903564576,228,0.0307,0.4693,0.03509,0.0,0.46053,0.00439,3738,0.18004280363830927,0.020331728196896735,0.799625468164794,115,0.06087,0.41739,0.05217,0.02609,0.42609,0.01739,330,0.7121212121212122,0.0,0.2878787878787879,2,0.0,0.5,0.0,0.0,0.5,0.0
C02,1145,0.33362445414847164,0.0,0.6663755458515284,26,0.0,0.5,0.0,0.0,0.5,0.0,3136,0.3565051020408163,0.0,0.6434948979591837,74,0.0,0.5,0.0,0.0,0.5,0.0,7709,0.4806070826306914,0.11531975612919963,0.40407316124010895,612,0.22712,0.24673,0.22712,0.02614,0.2451,0.02778,10420,0.26429942418426106,0.012092130518234165,0.7236084452975048,339,0.03835,0.46313,0.03835,0.0,0.46018,0.0,5694,0.24815595363540568,0.01563048823322796,0.7362135581313664,202,0.07921,0.42079,0.07921,0.0,0.42079,0.0,300,0.6333333333333333,0.0,0.36666666666666664,9,0.0,0.55556,0.0,0.0,0.44444,0.0
C03,2025,0.3861728395061728,0.0,0.6138271604938271,100,0.0,0.5,0.0,0.0,0.5,0.0,3549,0.37193575655114114,0.0,0.6280642434488588,166,0.0,0.5,0.0,0.0,0.5,0.0,9038,0.5084089400309804,0.11861031201593272,0.37298074795308694,1297,0.16654,0.31303,0.16345,0.02236,0.31534,0.01928,10120,0.5910079051383399,0.01383399209486166,0.3951581027667984,1093,0.01555,0.48399,0.01464,0.00091,0.4849,0.0,3734,0.468130690948045,0.005623995715050884,0.5262453133369042,387,0.02067,0.47804,0.01809,0.00258,0.48062,0.0,340,0.7352941176470589,0.0,0.2647058823529412,10,0.0,0.5,0.0,0.0,0.5,0.0
C04,1060,0.4650943396226415,0.0,0.5349056603773585,25,0.0,0.52,0.0,0.0,0.48,0.0,3451,0.33758330918574325,0.0,0.6624166908142567,104,0.0,0.5,0.0,0.0,0.5,0.0,6004,0.43687541638907396,0.11309127248501,0.45003331112591605,476,0.2458,0.20798,0.2437,0.04832,0.20798,0.04622,10359,0.2690414132638286,0.007722753161502075,0.7232358335746694,321,0.01246,0.48598,0.01246,0.00312,0.48287,0.00312,5077,0.1688004727201103,0.01063620248178058,0.8205633247981091,184,0.04348,0.45652,0.04891,0.0,0.44565,0.00543,318,0.6509433962264151,0.0,0.3490566037735849,5,0.0,0.6,0.0,0.0,0.4,0.0
C05,1424,0.5379213483146067,0.0,0.46207865168539325,98,0.0,0.5,0.0,0.0,0.5,0.0,4703,0.4131405485860089,0.0,0.5868594514139911,182,0.0,0.5,0.0,0.0,0.5,0.0,6788,0.48497348261638185,0.13273423688862698,0.38229228049499114,919,0.13058,0.33297,0.1197,0.04244,0.34276,0.03156,7882,0.6758436944937833,0.022075615326059377,0.3020806901801573,626,0.03195,0.46805,0.03195,0.0,0.46805,0.0,3491,0.4359782297336007,0.01890575766256087,0.5451160126038385,261,0.02682,0.47126,0.03065,0.0,0.46743,0.00383,354,0.9661016949152542,0.0,0.03389830508474576,2,0.0,0.5,0.0,0.0,0.5,0.0
C06,1031,0.41707080504364696,0.0,0.5829291949563531,28,0.0,0.5,0.0,0.0,0.5,0.0,2952,0.3888888888888889,0.0,0.6111111111111112,80,0.0,0.5,0.0,0.0,0.5,0.0,7389,0.4030315333604006,0.17295980511571254,0.42400866152388683,575,0.19826,0.24522,0.19826,0.05739,0.24348,0.05739,9139,0.30758288653025495,0.02057117846591531,0.6718459350038297,346,0.04624,0.45376,0.04624,0.0,0.45376,0.0,4537,0.3290720740577474,0.01278377782675777,0.6581441481154948,206,0.06311,0.43204,0.07282,0.0,0.42233,0.00971,350,0.7657142857142857,0.0,0.2342857142857143,2,0.0,0.5,0.0,0.0,0.5,0.0
C07,1037,0.3789778206364513,0.0,0.6210221793635486,26,0.0,0.5,0.0,0.0,0.5,0.0,3438,0.34904013961605584,0.0,0.6509598603839442,108,0.0,0.5,0.0,0.0,0.5,0.0,7793,0.39715128961888874,0.10291287052482997,0.49993583985628126,717,0.14505,0.30683,0.12831,0.05718,0.32218,0.04045,8965,0.26737311767986616,0.01829336307863915,0.7143335192414947,316,0.03797,0.46203,0.03797,0.0,0.46203,0.0,3400,0.28941176470588237,0.02823529411764706,0.6823529411764706,163,0.1227,0.37423,0.11656,0.00613,0.38037,0.0,290,0.6310344827586207,0.0,0.3689655172413793,7,0.0,0.57143,0.0,0.0,0.42857,0.0
C08,726,0.24242424242424243,0.0,0.7575757575757576,25,0.0,0.52,0.0,0.0,0.48,0.0,6479,0.5746257138447292,0.0,0.4253742861552709,222,0.0,0.5,0.0,0.0,0.5,0.0,7584,0.5403481012658228,0.05709388185654008,0.40255801687763715,614,0.13844,0.33876,0.12541,0.02932,0.35179,0.01629,10371,0.35416064024684213,0.0007713817375373638,0.6450679780156204,736,0.00408,0.49592,0.00543,0.0,0.49321,0.00136,5580,0.22634408602150538,0.001971326164874552,0.77168458781362,241,0.0083,0.49378,0.00415,0.0,0.49378,0.0,334,0.7125748502994012,0.0,0.2874251497005988,9,0.0,0.55556,0.0,0.0,0.44444,0.0
C09,955,0.3183246073298429,0.0,0.6816753926701571,23,0.0,0.52174,0.0,0.0,0.47826,0.0,3928,0.31262729124236255,0.0,0.6873727087576375,162,0.0,0.5,0.0,0.0,0.5,0.0,8252,0.4958797867183713,0.1062772661173049,0.3978429471643238,793,0.15006,0.32409,0.13997,0.03153,0.33291,0.02144,9092,0.32908051033875935,0.01715794104707435,0.6537615486141664,379,0.02639,0.47493,0.02639,0.0,0.4723,0.0,3983,0.25081596786341953,0.009038413256339443,0.740145618880241,163,0.02454,0.47239,0.02454,0.00613,0.46626,0.00613,329,0.6534954407294833,0.0,0.3465045592705167,5,0.0,0.6,0.0,0.0,0.4,0.0
C10,856,0.4030373831775701,0.0,0.5969626168224299,30,0.0,0.5,0.0,0.0,0.5,0.0,3319,0.3986140403736065,0.0,0.6013859596263935,210,0.0,0.5,0.0,0.0,0.5,0.0,6495,0.48775981524249423,0.11732101616628175,0.394919168591224,831,0.16606,0.31047,0.16968,0.02166,0.30686,0.02527,7887,0.4076328134905541,0.01724356536072017,0.5751236211487257,458,0.0262,0.4738,0.0262,0.0,0.4738,0.0,2785,0.3867145421903052,0.003231597845601436,0.6100538599640933,190,0.01579,0.48421,0.01579,0.0,0.48421,0.0,307,0.7035830618892508,0.0,0.2964169381107492,7,0.0,0.57143,0.0,0.0,0.42857,0.0
C11,1004,0.4043824701195219,0.0,0.5956175298804781,34,0.0,0.5,0.0,0.0,0.5,0.0,3898,0.30631092868137505,0.0,0.6936890713186249,108,0.0,0.5,0.0,0.0,0.5,0.0,7648,0.4803870292887029,0.12316945606694561,0.39644351464435146,773,0.18111,0.26003,0.16171,0.06856,0.27943,0.04916,10163,0.32441208304634456,0.02095837843156548,0.6546295385220899,257,0.02724,0.46693,0.02335,0.00778,0.47082,0.00389,3865,0.3001293661060802,0.027684346701164295,0.6721862871927555,158,0.09494,0.40506,0.09494,0.0,0.40506,0.0,324,0.9135802469135802,0.0,0.08641975308641975,2,0.0,0.5,0.0,0.0,0.5,0.0
C12,1126,0.27708703374777977,0.0,0.7229129662522202,25,0.0,0.52,0.0,0.0,0.48,0.0,3477,0.29767040552200175,0.0,0.7023295944779983,86,0.0,0.5,0.0,0.0,0.5,0.0,8564,0.4631013545072396,0.12786081270434377,0.40903783278841666,572,0.21503,0.25874,0.21678,0.02622,0.25524,0.02797,9467,0.2709411640435196,0.021865427273687545,0.7071934086827929,225,0.03556,0.46667,0.03556,0.0,0.46222,0.0,4983,0.2241621513144692,0.0028095524784266506,0.7730282962071041,144,0.03472,0.46528,0.04167,0.0,0.45139,0.00694,370,0.6621621621621622,0.0,0.33783783783783783,2,0.0,0.5,0.0,0.0,0.5,0.0
C13,1080,0.41944444444444445,0.0,0.5805555555555556,46,0.0,0.5,0.0,0.0,0.5,0.0,3441,0.31793083405986633,0.0,0.6820691659401337,128,0.0,0.5,0.0,0.0,0.5,0.0,6886,0.5329654371187917,0.13273308161487074,0.3343014812663375,647,0.17774,0.29985,0.17311,0.02473,0.30448,0.02009,7814,0.4319170719221909,0.013309444586639366,0.5547734834911697,514,0.02335,0.47665,0.02335,0.0,0.47665,0.0,5438,0.2655388010297904,0.013424052960647297,0.7210371460095624,281,0.03559,0.46263,0.03915,0.0,0.45907,0.00356,326,0.8711656441717791,0.0,0.12883435582822086,6,0.0,0.5,0.0,0.0,0.5,0.0
C15,998,0.39478957915831664,0.0,0.6052104208416834,25,0.0,0.52,0.0,0.0,0.48,0.0,4498,0.40262338817252113,0.0,0.5973766118274789,166,0.0,0.5,0.0,0.0,0.5,0.0,7305,0.5023956194387406,0.0839151266255989,0.41368925393566053,688,0.17878,0.28052,0.1686,0.04651,0.28924,0.03634,11003,0.3113696264655094,0.005634826865400345,0.6829955466690902,751,0.01332,0.48735,0.01332,0.0,0.48602,0.0,4041,0.2635486265775798,0.006928977975748577,0.7295223954466716,234,0.02991,0.47009,0.02564,0.00427,0.47009,0.0,341,0.6304985337243402,0.0,0.36950146627565983,3,0.0,0.66667,0.0,0.0,0.33333,0.0
C16,1856,0.4348060344827586,0.0,0.5651939655172413,34,0.0,0.5,0.0,0.0,0.5,0.0,4166,0.3463754200672107,0.0,0.6536245799327892,134,0.0,0.5,0.0,0.0,0.5,0.0,7640,0.4943717277486911,0.07225130890052356,0.43337696335078535,594,0.18182,0.29798,0.1734,0.02525,0.30471,0.01684,8806,0.3521462639109698,0.014535543947308653,0.6333181921417216,536,0.01306,0.48694,0.01119,0.00187,0.48694,0.0,2812,0.3879800853485064,0.003200568990042674,0.6088193456614509,246,0.01626,0.47561,0.00813,0.0122,0.48374,0.00407,347,0.7002881844380403,0.0,0.29971181556195964,4,0.0,0.5,0.0,0.0,0.5,0.0
C17,1394,0.3680057388809182,0.0,0.6319942611190817,52,0.0,0.5,0.0,0.0,0.5,0.0,3623,0.3894562517250897,0.0,0.6105437482749103,170,0.0,0.5,0.0,0.0,0.5,0.0,8542,0.4598454694450948,0.14996487941933972,0.3901896511355654,918,0.21678,0.22658,0.21024,0.05991,0.23203,0.05447,9690,0.3327141382868937,0.01062951496388029,0.656656346749226,443,0.04289,0.45372,0.03837,0.00677,0.45598,0.00226,2937,0.324140279196459,0.02689819543752128,0.6489615253660197,145,0.08276,0.41379,0.06897,0.01379,0.42069,0.0,317,0.5993690851735016,0.0,0.40063091482649843,1,0.0,1.0,0.0,0.0,0.0,0.0
C18,1007,0.435948361469712,0.0,0.564051638530288,28,0.0,0.5,0.0,0.0,0.5,0.0,3858,0.42068429237947125,0.0,0.5793157076205288,200,0.0,0.5,0.0,0.0,0.5,0.0,7081,0.5531704561502613,0.15520406722214378,0.29162547662759497,744,0.23925,0.23522,0.23925,0.02554,0.23522,0.02554,8649,0.42374841022083476,0.022199098161637183,0.554052491617528,371,0.02156,0.47978,0.02156,0.0,0.47709,0.0,5230,0.36845124282982794,0.01606118546845124,0.6154875717017209,302,0.03311,0.46358,0.0298,0.00662,0.46358,0.00331,304,0.6414473684210527,0.0,0.35855263157894735,9,0.0,0.55556,0.0,0.0,0.44444,0.0
C20,1188,0.39057239057239057,0.0,0.6094276094276094,36,0.0,0.5,0.0,0.0,0.5,0.0,4171,0.35722848237832655,0.0,0.6427715176216735,172,0.0,0.5,0.0,0.0,0.5,0.0,7628,0.5336916622968012,0.08390141583639224,0.3824069218668065,699,0.16309,0.32332,0.15451,0.0186,0.33047,0.01001,10531,0.32580001899154876,0.005032760421612383,0.6691672205868389,646,0.00619,0.49381,0.00619,0.0,0.49381,0.0,3248,0.33004926108374383,0.02247536945812808,0.6474753694581281,184,0.04891,0.45109,0.04891,0.0,0.45109,0.0,341,0.6832844574780058,0.0,0.31671554252199413,7,0.0,0.57143,0.0,0.0,0.42857,0.0
C21,1188,0.27946127946127947,0.0,0.7205387205387206,35,0.0,0.51429,0.0,0.0,0.48571,0.0,3485,0.35781922525107607,0.0,0.642180774748924,114,0.0,0.5,0.0,0.0,0.5,0.0,7192,0.4724694104560623,0.06701890989988876,0.46051167964404893,611,0.14403,0.33715,0.13748,0.02291,0.34206,0.01637,8942,0.27286960411541045,0.0074927309326772535,0.7196376649519123,351,0.03134,0.46154,0.02279,0.0114,0.47009,0.00285,3543,0.2018063787750494,0.008749647191645497,0.7894439740333051,112,0.07143,0.42857,0.0625,0.00893,0.42857,0.0,292,0.7054794520547946,0.0,0.2945205479452055,2,0.0,0.5,0.0,0.0,0.5,0.0
C22,1162,0.27452667814113596,0.0,0.725473321858864,27,0.0,0.51852,0.0,0.0,0.48148,0.0,2917,0.3013369900582791,0.0,0.6986630099417209,56,0.0,0.5,0.0,0.0,0.5,0.0,7296,0.5445449561403509,0.07634320175438597,0.37911184210526316,518,0.17375,0.31274,0.16795,0.01737,0.3166,0.01158,8868,0.2798827244023455,0.005751014884979702,0.7143662607126748,361,0.02216,0.47645,0.01662,0.00554,0.47922,0.0,3428,0.24941656942823803,0.0026254375729288216,0.7479579929988331,145,0.01379,0.48276,0.02069,0.0,0.47586,0.0069,314,0.6114649681528662,0.0,0.3885350318471338,1,0.0,1.0,0.0,0.0,0.0,0.0
C24,583,0.3259005145797599,0.0,0.6740994854202401,16,0.0,0.5,0.0,0.0,0.5,0.0,3960,0.4904040404040404,0.0,0.5095959595959596,122,0.0,0.5,0.0,0.0,0.5,0.0,6496,0.5523399014778325,0.12977216748768472,0.31788793103448276,493,0.22921,0.24341,0.21704,0.03448,0.25355,0.02231,10987,0.40675343587876583,0.00910166560480568,0.5841448985164285,330,0.03636,0.46364,0.03333,0.00303,0.46364,0.0,5629,0.4194350683958074,0.0028424231657488007,0.5777225084384437,193,0.02591,0.46632,0.02591,0.01036,0.46114,0.01036,315,0.7396825396825397,0.0,0.26031746031746034,4,0.0,0.5,0.0,0.0,0.5,0.0
C26,1041,0.2910662824207493,0.0,0.7089337175792507,39,0.0,0.51282,0.0,0.0,0.48718,0.0,3091,0.3623422840504691,0.0,0.6376577159495309,100,0.0,0.5,0.0,0.0,0.5,0.0,7574,0.4515447583839451,0.13255875363084235,0.41589648798521256,640,0.20156,0.26562,0.19062,0.03906,0.275,0.02813,8809,0.4000454081053468,0.007038256328754683,0.5929163355658985,565,0.01062,0.49027,0.01062,0.0,0.4885,0.0,3390,0.28584070796460176,0.011799410029498525,0.7023598820058997,198,0.0303,0.4697,0.03535,0.0,0.4596,0.00505,365,0.6410958904109589,0.0,0.3589041095890411,5,0.0,0.6,0.0,0.0,0.4,0.0
C27,1060,0.35094339622641507,0.0,0.6490566037735849,26,0.0,0.5,0.0,0.0,0.5,0.0,3602,0.29816768461965576,0.0,0.7018323153803443,70,0.0,0.5,0.0,0.0,0.5,0.0,6858,0.42592592592592593,0.10994459025955089,0.4641294838145232,564,0.16135,0.31206,0.14894,0.03369,0.3227,0.02128,11870,0.26975568660488625,0.014069081718618365,0.7161752316764953,345,0.03478,0.46087,0.03478,0.0058,0.45797,0.0058,3222,0.25884543761638734,0.029484792054624457,0.7116697703289883,132,0.08333,0.41667,0.09091,0.0,0.40152,0.00758,321,0.6978193146417445,0.0,0.30218068535825543,7,0.0,0.57143,0.0,0.0,0.42857,0.0
C28,1087,0.33946642134314625,0.0,0.6605335786568537,18,0.0,0.5,0.0,0.0,0.5,0.0,3879,0.3640113431296726,0.0,0.6359886568703274,90,0.0,0.5,0.0,0.0,0.5,0.0,9937,0.412498742075073,0.11733923719432424,0.4701620207306028,776,0.20232,0.26031,0.19201,0.04253,0.27062,0.03222,11310,0.26976127320954907,0.015296198054818744,0.7149425287356321,419,0.05012,0.44869,0.04535,0.00477,0.45107,0.0,3760,0.2651595744680851,0.0050531914893617025,0.7297872340425532,141,0.03546,0.46099,0.04255,0.0,0.4539,0.00709,351,0.6068376068376068,0.0,0.39316239316239315,3,0.0,0.66667,0.0,0.0,0.33333,0.0
C30,1506,0.22841965471447542,0.0,0.7715803452855245,30,0.0,0.5,0.0,0.0,0.5,0.0,5470,0.4809872029250457,0.0,0.5190127970749543,110,0.0,0.5,0.0,0.0,0.5,0.0,8282,0.45930934556870323,0.10951460999758512,0.43117604443371166,527,0.19545,0.26565,0.19545,0.03985,0.26376,0.03985,9378,0.24866709319684369,0.009170398805715504,0.7421625079974408,258,0.04651,0.44961,0.03876,0.00775,0.45736,0.0,3422,0.22092343658679134,0.007305669199298656,0.77177089421391,115,0.03478,0.46087,0.02609,0.0087,0.46957,0.0,361,0.6149584487534626,0.0,0.3850415512465374,1,0.0,1.0,0.0,0.0,0.0,0.0
C32,1242,0.2834138486312399,0.0,0.71658615136876,24,0.0,0.5,0.0,0.0,0.5,0.0,5803,0.44735481647423747,0.0,0.5526451835257625,170,0.0,0.5,0.0,0.0,0.5,0.0,8400,0.5577380952380953,0.12654761904761905,0.3157142857142857,900,0.16556,0.30111,0.16222,0.03556,0.30333,0.03222,11876,0.39314584035028627,0.014988211519029977,0.5918659481306837,611,0.0311,0.46645,0.03437,0.00164,0.46154,0.00491,4718,0.26494277236117,0.017168291649003815,0.7178889359898262,243,0.06584,0.42387,0.06173,0.01235,0.42798,0.00823,337,0.6379821958456974,0.0,0.3620178041543027,11,0.0,0.54545,0.0,0.0,0.45455,0.0
C34,2346,0.5733162830349531,0.0,0.42668371696504687,28,0.0,0.5,0.0,0.0,0.5,0.0,4562,0.37023235423060064,0.0,0.6297676457693994,132,0.0,0.5,0.0,0.0,0.5,0.0,7162,0.4757051103043842,0.11323652611002513,0.4110583635855906,493,0.18661,0.28803,0.17241,0.03245,0.30223,0.01826,8228,0.2926592124453087,0.00850753524550316,0.6988332523091881,205,0.02439,0.47805,0.02439,0.0,0.47317,0.0,5310,0.17740112994350282,0.0,0.8225988700564971,143,0.0,0.5035,0.0,0.0,0.4965,0.0,359,0.6155988857938719,0.0,0.38440111420612816,1,0.0,1.0,0.0,0.0,0.0,0.0
C35,1355,0.37047970479704795,0.0,0.629520295202952,55,0.0,0.50909,0.0,0.0,0.49091,0.0,3334,0.34883023395320933,0.0,0.6511697660467907,128,0.0,0.5,0.0,0.0,0.5,0.0,6944,0.511520737327189,0.08870967741935484,0.39976958525345624,676,0.14941,0.31657,0.13757,0.03994,0.3284,0.02811,9904,0.3130048465266559,0.00737075928917609,0.679624394184168,471,0.02548,0.47134,0.02123,0.00637,0.47346,0.00212,2892,0.3302213001383126,0.001037344398340249,0.6687413554633471,157,0.01911,0.48408,0.01911,0.0,0.47771,0.0,347,0.760806916426513,0.0,0.23919308357348704,9,0.0,0.55556,0.0,0.0,0.44444,0.0
C36,955,0.45968586387434557,0.0,0.5403141361256545,42,0.0,0.5,0.0,0.0,0.5,0.0,2950,0.471864406779661,0.0,0.528135593220339,96,0.0,0.5,0.0,0.0,0.5,0.0,6684,0.4920706163973668,0.1359964093357271,0.371932974266906,696,0.1954,0.27155,0.19109,0.03592,0.27443,0.03161,6645,0.33303235515425134,0.015199398043641836,0.6517682468021069,240,0.05833,0.44167,0.05833,0.0,0.44167,0.0,2819,0.3164242639233771,0.006385242993969493,0.6771904930826534,137,0.0365,0.46715,0.0292,0.0,0.46715,0.0,316,0.7373417721518988,0.0,0.2626582278481013,8,0.0,0.5,0.0,0.0,0.5,0.0
C38,1067,0.3992502343017807,0.0,0.6007497656982193,38,0.0,0.5,0.0,0.0,0.5,0.0,3438,0.32460732984293195,0.0,0.675392670157068,126,0.0,0.5,0.0,0.0,0.5,0.0,6599,0.48416426731322926,0.09683285346264585,0.4190028792241249,548,0.21715,0.26277,0.2135,0.0219,0.26642,0.01825,8807,0.3919609401612354,0.009424321562393551,0.598614738276371,295,0.05424,0.44068,0.05424,0.00678,0.43729,0.00678,3202,0.3953778888194878,0.003123048094940662,0.6014990630855716,125,0.056,0.44,0.032,0.016,0.456,0.0,338,0.6568047337278107,0.0,0.3431952662721893,3,0.0,0.66667,0.0,0.0,0.33333,0.0
C39,3491,0.49727871670008594,0.0,0.5027212832999141,52,0.0,0.5,0.0,0.0,0.5,0.0,5744,0.4322771587743733,0.0,0.5677228412256268,148,0.0,0.5,0.0,0.0,0.5,0.0,10105,0.5136071251855517,0.09510143493320139,0.3912914398812469,726,0.15565,0.33058,0.15152,0.01653,0.33333,0.0124,11862,0.26740853144495025,0.010284943517113471,0.7223065250379362,398,0.02261,0.47236,0.02764,0.00251,0.46734,0.00754,4551,0.3065260382333553,0.03339925291144803,0.6600747088551967,217,0.07373,0.41935,0.05991,0.01382,0.42857,0.00461,338,0.7455621301775148,0.0,0.25443786982248523,13,0.0,0.53846,0.0,0.0,0.46154,0.0
C40,1181,0.327688399661304,0.0,0.672311600338696,36,0.0,0.5,0.0,0.0,0.5,0.0,5581,0.4511736247984232,0.0,0.5488263752015767,180,0.0,0.5,0.0,0.0,0.5,0.0,7660,0.5297650130548303,0.09425587467362924,0.37597911227154046,605,0.21322,0.27438,0.20331,0.01818,0.28264,0.00826,10454,0.2683183470441936,0.022575090874306484,0.7091065620814999,347,0.03458,0.46398,0.0317,0.00288,0.46686,0.0,6197,0.22639987090527675,0.00048410521219945134,0.7731160238825238,232,0.00431,0.49569,0.00431,0.0,0.49569,0.0,354,0.6977401129943502,0.0,0.3022598870056497,7,0.0,0.57143,0.0,0.0,0.42857,0.0
C41,1436,0.3474930362116992,0.0,0.6525069637883009,41,0.0,0.5122,0.0,0.0,0.4878,0.0,4002,0.3670664667666167,0.0,0.6329335332333833,138,0.0,0.5,0.0,0.0,0.5,0.0,7884,0.43138001014713345,0.11516996448503297,0.4534500253678336,662,0.18731,0.27039,0.16314,0.05438,0.29456,0.03021,9171,0.31948533420564823,0.015265510849416639,0.6652491549449351,352,0.01989,0.48011,0.02273,0.0,0.47443,0.00284,6053,0.24252436808194283,0.00264331736329093,0.7548323145547662,283,0.0212,0.48057,0.0212,0.0,0.47703,0.0,354,0.768361581920904,0.0,0.23163841807909605,20,0.0,0.5,0.0,0.0,0.5,0.0
C47,1239,0.3648103309120258,0.0,0.6351896690879741,32,0.0,0.5,0.0,0.0,0.5,0.0,3249,0.33487226839027395,0.0,0.665127731609726,88,0.0,0.5,0.0,0.0,0.5,0.0,7167,0.4515138830752058,0.11176224361657597,0.4367238733082182,562,0.17616,0.27936,0.16726,0.04982,0.28648,0.04093,9995,0.27133566783391694,0.010805402701350676,0.7178589294647324,429,0.01632,0.48485,0.01632,0.0,0.48252,0.0,5602,0.22813280971081756,0.011602998928953945,0.7602641913602285,364,0.06044,0.43681,0.05769,0.00549,0.43681,0.00275,338,0.7041420118343196,0.0,0.2958579881656805,2,0.0,0.5,0.0,0.0,0.5,0.0
C48,1486,0.4300134589502019,0.0,0.5699865410497981,52,0.0,0.5,0.0,0.0,0.5,0.0,3725,0.454496644295302,0.0,0.545503355704698,120,0.0,0.5,0.0,0.0,0.5,0.0,8337,0.4623965455199712,0.15173323737555475,0.38587021710447406,874,0.21625,0.246,0.20595,0.04348,0.25515,0.03318,11876,0.35112832603570227,0.014988211519029977,0.6338834624452677,421,0.03563,0.46318,0.03563,0.00238,0.46081,0.00238,3104,0.27996134020618557,0.017396907216494846,0.7026417525773195,132,0.05303,0.44697,0.05303,0.0,0.44697,0.0,344,0.9040697674418605,0.0,0.09593023255813954,4,0.0,0.5,0.0,0.0,0.5,0.0
