playerID,allCount,posCount,neuCount,negCount,allTime,posTime,neuTime,negTime,focusTime3,focusEnvTime3,focusPeoTime3,jumpCount3,EnvPeo3,PeoEnv3,PeoUI3,UIPeo3,focusTime4,focusEnvTime4,focusPeoTime4,jumpCount4,EnvPeo4,PeoEnv4,PeoUI4,UIPeo4,focusTime5,focusEnvTime5,focusPeoTime5,jumpCount5,EnvPeo5,PeoEnv5,PeoUI5,UIPeo5,time,process,stopTime,stopCount,stopMeanTime,mean,var,standardMean,meanRate,standardVar,varRate,1-4-value,1-4-time,1-1-value,1-1-time,2-2-value,2-2-time,3-1-value,3-1-time,3-5-value,3-5-time,3-6-value,3-6-time,3-7-value,3-7-time,3-8-value,3-8-time,3-9-value,3-9-time,4-1-value,4-1-time,4-2-value,4-2-time,4-5-value,4-5-time,4-6-value,4-6-time,4-7-value,4-7-time,5-1-value,5-1-time,5-4-value,5-4-time,5-5-value,5-5-time,5-7-value,5-7-time,5-6-value,5-6-time,5-8-value,5-8-time,5-22-value,5-22-time,5-32-value,5-32-time,5-31-value,5-31-time,5-23-value,5-23-time,5-25-value,5-25-time,5-26-value,5-26-time,5-27-value,5-27-time,5-28-value,5-28-time,5-34-value,5-34-time,5-36-value,5-36-time,5-37-value,5-37-time,5-38-value,5-38-time,5-39-value,5-39-time,5-40-value,5-40-time,6-1-value,6-1-time,6-2-value,6-2-time,6-3-value,6-3-time,3-3-value,3-3-time,3-11-value,3-11-time,3-13-value,3-13-time,3-16-value,3-16-time,3-18-value,3-18-time,6-6-value,6-6-time,5-29-value,5-29-time,5-30-value,5-30-time,5-24-value,5-24-time,5-9-value,5-9-time,5-11-value,5-11-time,5-15-value,5-15-time,5-18-value,5-18-time,5-19-value,5-19-time,5-20-value,5-20-time,6-7-value,6-7-time,6-8-value,6-8-time,6-9-value,6-9-time,3-17-value,3-17-time,5-16-value,5-16-time,5-13-value,5-13-time,
A01,42,0.38095,0.2381,0.38095,238.604,0.33421,0.32478,0.341,3831,0.833463848,0.166536152,416,0.42548,0.42308,0.07692,0.07452,3861,0.988344988,0.011655012,16,0.4375,0.4375,0.0625,0.0625,1097,0.969006381,0.030993619,26,0.30769,0.34615,0.15385,0.19231,19.05,1,1,1,1,13.34385391,228.5181985,11.96472168,1.11527,179.688713,1.27174,1,5.219,1,2.289,-1,5.768,-1,3.133,1,3.263,-1,4.167,1,5.129,1,4.949,1,4.693,1,6.932,-1,4.22,-1,8.154,-1,4.171,1,5.129,1,3.033,0,14.77,-1,5.02,-1,3.887,-1,4.92,-1,4.819,0,5.564,-1,5.053,-1,5.062,-1,6.11,-1,3.975,0,6.119,-1,6.562,0,6.571,-1,6.344,0,4.265,0,10.307,0,12.95,0,5.565,1,5.397,1,6.688,1,6.036,0,6.607,,,,,,,,,,,,,,,,,,,,,,,,,,,,,,,,,,,,,,,,,,,
A02,32,0.71875,0.09375,0.1875,196.869,0.71214,0.13384,0.15402,3324,0.815884477,0.184115523,188,0.45213,0.39894,0.10106,0.04787,2662,0.953042825,0.046957175,20,0.5,0.45,0.05,0,628,0.961783439,0.038216561,8,0.5,0.5,0,0,15.8,0.795001209,4.9,2,2.45,14.4557252,196.0327052,14.51266542,0.99608,175.7255266,1.11556,1,8.841,1,3.912,-1,5.604,-1,5.246,-1,4.374,1,4.339,1,4.352,1,4.5,1,5.436,1,4.615,1,6.339,-1,6.529,-1,4.509,-1,4.059,1,4.033,1,13.536,1,3.731,,,1,4.754,,,,,,,,,,,,,,,,,,,0,11.416,0,9.052,1,11.352,1,6.615,1,6.151,1,5.257,1,4.739,1,6.41,1,6.85,,,,,,,,,,,,,,,,,,,,,,,,,,,,,,,,,,,,,,,,,,,
A04,32,0.78125,0.0625,0.15625,184.739,0.71306,0.07109,0.21585,3576,0.799496644,0.200503356,234,0.42308,0.40171,0.09829,0.07692,2047,0.876893014,0.123106986,44,0.5,0.45455,0.04545,0,629,1,0,0,0,0,0,0,12.4,0.8450014,1.85,1,1.85,17.20677091,147.8067775,13.13533238,1.30996,87.80859891,1.68328,-1,8.74,1,9.62,1,9.176,1,3.749,,,-1,6.468,1,5.343,1,4.989,1,4.954,1,4.763,1,7.247,-1,10.794,-1,5.153,1,8.764,1,4.166,1,4.787,1,3.232,,,1,4.365,,,,,,,,,,,,,,,,,,,1,5.417,0,7.854,1,8.752,1,5.231,1,3.432,1,4.432,1,3.954,1,3.108,1,6.569,1,3.56,,,,,,,,,,,,,,,,,,,,,,,,,,,,,,,,,,,,,,,,,
A05,34,0.61765,0.08824,0.29412,172.645,0.56981,0.0871,0.3431,3904,0.771004098,0.228995902,262,0.46183,0.4084,0.0916,0.03817,2293,0.918011339,0.081988661,26,0.46154,0.42308,0.07692,0.03846,825,0.976969697,0.023030303,18,0.5,0.44444,0.05556,0,14.4,0.785001159,3.35,2,1.675,15.06826408,273.4187276,17.81278649,0.84592,248.7592811,1.09913,-1,5.108,-1,10.165,-1,6.878,-1,12.351,-1,3.646,1,3.72,1,6.975,1,4.601,1,6.902,1,4.401,1,3.226,-1,4.443,-1,4.499,1,4.009,1,3.578,0,3.709,1,3.543,,,1,5.753,,,,,,,,,,,,,,,,,,,1,8.173,1,3.988,1,6.53,1,6.308,1,4.099,1,4.143,1,5.532,1,3.332,0,7.108,,,,,,,,,,,,,,,,,,,,,,,,,,,,,,,,,,,,,,,,,,,
A06,37,0.43243,0.24324,0.32432,208.372,0.41547,0.25035,0.33418,4006,0.797803295,0.202196705,248,0.43952,0.42742,0.07258,0.06048,2939,0.97516162,0.02483838,22,0.5,0.5,0,0,768,0.979166667,0.020833333,8,0.5,0.375,0.125,0,18,0.545000255,9.75,4,2.4375,4.609382775,48.19828809,3.910873875,1.17861,45.84876448,1.05125,-1,17.992,1,6.442,-1,6.225,1,4.118,,,-1,4.044,1,3.998,-1,4.598,,,1,14.95,-1,4.112,-1,5.238,0,5.651,-1,3.454,1,5.736,1,4.687,1,3.654,,,1,7.785,,,,,,,,,,,,,,,,,,,0,5.397,0,5.477,0,6.756,0,7.097,0,4.598,1,6.053,-1,5.236,1,3.771,0,7.634,-1,3.446,1,4.752,1,4.948,-1,4.476,-1,3.518,1,4.676,,,,,,,,,,,,,,,,,,,,,,,,,,,,,,,
A07,36,0.58333,0.13889,0.27778,262.237,0.57565,0.13812,0.28624,4452,0.767520216,0.232479784,320,0.47187,0.43438,0.06563,0.02813,3137,0.927956646,0.072043354,26,0.5,0.38462,0.11538,0,1204,0.954318937,0.045681063,30,0.36667,0.43333,0.06667,0.13333,10.45,0.725000978,1.2,1,1.2,16.97725863,143.1052122,8.814853575,1.92598,124.3200748,1.1511,1,6.554,1,6.911,1,7.562,1,5.671,,,1,7.159,1,8.801,-1,6.142,,,1,4.809,1,3.911,-1,13.147,-1,5.381,1,4.592,-1,11.87,1,13.194,1,4.631,,,1,7.854,,,,,,,,,,,,,,,,,,,-1,9.829,0,6.86,0,12.272,1,15.09,-1,7.412,0,5.098,1,8.927,-1,5.259,1,7.964,1,5.668,1,7.068,1,6.169,-1,5.674,-1,4.337,,,,,,,,,,,,,,,,,,,,,,,,,,,,,,,,,
A09,47,0.2766,0.25532,0.46809,277.154,0.3106,0.27095,0.41844,5187,0.833429728,0.166570272,330,0.46364,0.41818,0.08182,0.03636,3648,0.976973684,0.023026316,18,0.44444,0.33333,0.16667,0.05556,1290,0.862790698,0.137209302,52,0.46154,0.48077,0.01923,0.03846,13.85,0.600000501,4.1,2,2.05,10.43238948,174.3606975,13.02392578,0.80102,148.784975,1.1719,-1,7.084,1,4.666,-1,8.722,-1,3.731,-1,2.77,-1,3.776,-1,4.102,,,,,1,4.715,1,3.826,-1,5.34,0,4.216,-1,7.466,-1,3.787,1,7.32,-1,4.053,1,3.877,-1,7.216,-1,5.577,-1,5.732,,,-1,5.221,-1,4.397,-1,4.132,0,3.828,0,6.745,0,6.139,-1,5.678,0,4.463,0,8.418,1,12.694,0,7.776,0,5.598,1,7.687,-1,5.181,0,10.002,,,1,5.561,1,5.192,-1,6.235,-1,4.039,,,0,4.331,0,8.128,,,,,,,,,,,,,,,,,,,,,,,,,,,
A10,42,0.40476,0.28571,0.30952,372.464,0.35863,0.32041,0.32097,4712,0.707979626,0.292020374,402,0.41294,0.40547,0.09453,0.08706,3400,0.972941176,0.027058824,16,0.4375,0.375,0.125,0.0625,845,0.873372781,0.126627219,36,0.41667,0.44444,0.05556,0.08333,23.05,0.646667898,9.05,3,3.01667,18.41668871,385.9029229,13.51178279,1.36301,142.1896091,2.714,1,11.687,1,5.02,1,7.609,1,7.871,,,-1,5.662,1,6.004,1,5.152,1,4.989,1,16.876,1,4.546,-1,10.899,0,22.394,1,11.199,1,10.004,0,7.208,-1,4.562,-1,6.231,-1,14.869,-1,9.217,0,9.649,-1,8.145,-1,11.371,-1,6.257,0,5.651,0,10.018,0,5.591,0,7.667,0,15.739,-1,16.781,0,9.954,-1,9.868,0,6.904,1,8.998,1,7.933,-1,6.752,0,10.032,1,3.433,,,,,,,,,,,,,,,,,,,,,,,,,,,,,,,,,,,,,,,,,
A11,38,0.5,0.26316,0.23684,207.001,0.45336,0.30975,0.23689,3720,0.807526882,0.192473118,214,0.41121,0.3972,0.1028,0.08879,2495,0.979158317,0.020841683,12,0.5,0.41667,0.08333,0,748,0.99197861,0.00802139,4,0.5,0.5,0,0,14.1,0.85500145,1.3,1,1.3,12.75906109,153.4579429,13.10325221,0.97373,84.5680847,1.81461,1,5.07,1,3.355,-1,7.567,-1,5.79,1,2.977,-1,3.827,1,3.814,1,3.969,1,4.567,1,5.447,-1,3.709,1,6.717,,,,,1,3.399,0,10.872,1,8.197,,,-1,4.232,-1,8.285,0,5.221,0,6.864,-1,6.586,1,4.453,,,,,0,4.262,0,7.765,0,5.909,1,8.95,0,6.686,0,7.431,0,4.277,-1,5.276,1,3.908,1,3.619,1,6.206,,,,,,,,,,,,,,,,,-1,3.765,,,,,,,,,,,,,,,,,,,,,,,,,
A12,38,0.63158,0.13158,0.23684,247.089,0.55026,0.20351,0.24624,4429,0.706705803,0.293294197,364,0.42033,0.41209,0.08791,0.07967,4087,0.946660142,0.053339858,46,0.45652,0.45652,0.04348,0.04348,1611,0.946617008,0.053382992,22,0.5,0.5,0,0,11.35,0.660000682,0,0,0,10.81963172,111.5051209,11.97543674,0.90349,134.5376466,0.8288,1,4.422,1,4.576,-1,6.478,1,10.583,,,1,4.298,1,5.25,1,4.274,1,5.12,1,5.267,-1,4.992,-1,8.47,-1,10.786,1,4.816,1,9.409,1,3.476,1,4.098,,,-1,7.771,0,7.778,,,,,,,,,,,,,,,,,0,9.072,0,10.407,1,7.373,0,14.79,1,3.308,1,5.07,-1,7.108,1,3.753,1,7.162,-1,2.468,,,,,,,,,1,12.859,,,,,,,1,4.897,1,3.476,,,,,,,,,,,,,,,,,,,,,
A13,33,0.63636,0.15152,0.21212,222.661,0.54562,0.22023,0.23415,3733,0.870613448,0.129386552,204,0.45588,0.43137,0.06863,0.04412,2682,0.986577181,0.013422819,14,0.5,0.35714,0.14286,0,791,0.931731985,0.068268015,22,0.45455,0.40909,0.09091,0.04545,12.45,0.525000215,3.7,1,3.7,15.64531599,227.05935,15.48676924,1.01024,141.0774025,1.60947,1,6.295,1,3.778,-1,5.928,-1,5.967,1,7.098,1,5.535,1,4.809,1,4.779,1,4.525,1,4.78,1,4.189,-1,10.217,-1,7.182,1,6.297,1,4.571,0,9.372,-1,10.339,-1,4.865,1,4.307,,,,,,,,,,,,,,,,,,,0,7.716,0,6.868,1,6.309,1,11.03,1,6.249,0,12.77,1,3.932,1,3.846,1,10.093,,,,,,,,,,,,,,,,,,,,,,,,,,,,,,,,,,,,,,,,,,,
A16,45,0.51111,0.26667,0.22222,218.072,0.50645,0.26681,0.22675,4827,0.757199088,0.242800912,334,0.46407,0.44012,0.05988,0.03593,3069,0.930922124,0.069077876,58,0.5,0.5,0,0,749,0.985313752,0.014686248,12,0.5,0.41667,0.08333,0,21.7,1,6.15,1,6.15,11.13342481,96.50743811,7.992991912,1.3929,81.48250528,1.18439,-1,4.762,1,6.062,1,7.617,1,4.973,,,1,3.943,-1,8.602,,,,,1,3.879,1,4.317,-1,7.977,-1,5.395,1,3.453,1,3.455,0,3.357,-1,3.357,1,2.868,-1,3.928,0,7.074,,,,,,,,,,,,,0,4.676,-1,4.587,0,5.053,0,4.265,0,5.017,1,8.501,0,4.21,1,3.865,1,5.242,1,4.197,1,5.788,1,3.375,1,5.805,1,4.323,-1,4.645,-1,3.185,,,,,,,,,1,7.053,,,-1,3.009,0,4.795,0,5.023,,,,,,,,,,,,,,,
A17,39,0.53846,0.23077,0.23077,201.365,0.51688,0.2631,0.22002,4230,0.847044917,0.152955083,157,0.44586,0.43312,0.06369,0.05732,3469,0.93513981,0.06486019,32,0.46875,0.4375,0.0625,0.03125,1278,0.932707355,0.067292645,20,0.25,0.3,0.2,0.25,14.6,0.55000031,4.35,2,2.175,8.723309835,121.4947029,13.39554359,0.65121,188.9036616,0.64316,1,6.02,-1,4.909,-1,6.488,1,3.133,,,-1,5.161,1,4.195,1,4.073,1,4.943,1,4.474,1,3.309,-1,5.73,-1,4.262,1,4.708,1,4.72,0,5.92,1,3.953,,,-1,3.973,0,5.434,,,,,,,,,,,,,0,4.732,0,5.098,0,5.341,-1,4.542,1,6.66,0,8.341,1,4.432,0,7.674,1,6.573,1,4.887,1,9.715,1,3.038,,,,,,,,,,,,,,,,,0,5.887,,,,,-1,4.086,,,,,,,,,,,,,,,,,
A20,44,0.31818,0.25,0.43182,237.439,0.2793,0.26185,0.45885,4681,0.924588763,0.075411237,192,0.4375,0.42188,0.07812,0.0625,2985,0.981239531,0.018760469,20,0.5,0.5,0,0,886,0.94469526,0.05530474,10,0.4,0.5,0,0.1,23.15,1,7.85,5,1.57,6.708629137,63.48490311,4.969528407,1.34995,73.33900725,0.86564,1,4.07,1,3.827,1,6.963,-1,8.564,-1,4.614,1,4.013,1,4.738,-1,5.422,,,-1,7.268,,,-1,8.31,0,4.144,-1,6.275,1,4.389,-1,4.763,,,,,,,-1,6.53,-1,4.511,,,-1,3.964,-1,6.254,-1,3.851,0,4.464,-1,6.279,-1,5.147,0,6.863,0,7.6,0,7.687,0,7.298,0,4.904,1,8.752,1,3.708,1,3.998,0,7.525,,,1,5.331,1,4.839,-1,5.281,-1,3.932,,,0,3.326,-1,3.793,,,,,,,,,,,,,,,,,,,,,,,,,,,
A22,36,0.47222,0.22222,0.30556,218.177,0.468,0.27929,0.25271,3918,0.792751404,0.207248596,322,0.39752,0.3882,0.1118,0.10248,2730,0.967032967,0.032967033,40,0.5,0.475,0.025,0,1435,0.948432056,0.051567944,26,0.5,0.46154,0.03846,0,26.85,0.725000978,16.65,4,4.1625,6.564383486,136.9957403,6.50743757,1.00875,72.28656425,1.89518,-1,6.992,-1,5.734,-1,5.11,-1,5.985,1,6.252,-1,4.987,1,5.064,1,4.208,1,5.825,1,5.773,1,4.066,-1,5.168,-1,4.992,1,6.468,-1,4.266,0,7.408,-1,3.654,1,4.833,1,5.897,,,,,,,,,,,,,,,,,,,0,9.74,0,4.83,0,11.95,0,5.554,0,8.297,1,7.205,-1,4.531,1,5.085,0,7.996,,,,,,,,,,,1,6.061,,,,,,,,,,,,,,,,,,,,,,,,,,,,,,,
A23,45,0.53333,0.15556,0.31111,420.075,0.57247,0.14853,0.279,6118,0.705622753,0.294377247,394,0.41371,0.40102,0.09898,0.08629,3294,0.892835458,0.107164542,20,0.5,0.5,0,0,1667,0.98920216,0.01079784,12,0.41667,0.41667,0.08333,0.08333,52.55,0.525000215,39.6,8,4.95,1.559012277,12.46002467,5.81159219,0.26826,42.43906917,0.2936,1,7.087,-1,7.241,-1,16.701,1,4.351,,,1,7.001,1,18.016,-1,11.259,,,1,16.716,1,3.272,-1,5.374,-1,7.044,-1,7.42,1,3.737,0,6.618,-1,4.021,1,5.709,-1,16.936,-1,5.187,0,5.798,-1,4.104,0,8.101,1,5.497,,,,,0,8.108,1,17.403,0,11.733,1,16.17,1,19.292,1,10.884,0,10.241,1,4.299,1,11.374,-1,10.906,1,12.58,1,8.714,1,14.509,1,9.379,-1,11.912,-1,5.076,,,,,,,-1,4.021,,,,,,,,,,,,,,,,,,,,,,,,,
A24,46,0.47826,0.21739,0.30435,343.304,0.45511,0.25722,0.28767,5634,0.850017749,0.149982251,402,0.44527,0.42537,0.07463,0.05473,7080,0.973446328,0.026553672,58,0.44828,0.43103,0.06897,0.05172,2089,0.998563906,0.001436094,4,0.5,0.25,0.25,0,14.4,0.940001786,1.45,1,1.45,20.04681561,314.7450143,9.648467033,2.07772,98.47295729,3.19626,1,6.019,-1,5.576,-1,8.05,1,5.824,,,1,5.305,-1,11.875,,,,,-1,5.036,,,-1,6.514,-1,5.892,1,7.261,1,3.844,0,18.182,-1,5.675,1,5.285,-1,6.863,0,5.177,,,,,,,,,,,,,0,8.73,-1,5.553,0,11.761,0,12.362,1,9.548,1,12.009,1,12.006,1,15.644,-1,10.066,1,7.152,1,10.549,1,3.058,1,5.62,1,4.923,-1,6.076,-1,4.17,1,3.911,,,,,,,1,9.341,,,-1,11.482,0,5.253,0,5.952,,,,,,,,,,,,,,,
A25,46,0.26087,0.23913,0.5,316.993,0.26896,0.18519,0.54585,3850,0.826233766,0.173766234,222,0.47748,0.43694,0.06306,0.02252,2884,0.982662968,0.017337032,12,0.5,0.5,0,0,1120,0.961607143,0.038392857,10,0.4,0.5,0,0.1,14.05,0.590000451,6.35,3,2.11667,6.959908469,52.97771445,6.091034558,1.14265,23.54295401,2.25026,-1,5.534,1,4.643,-1,4.634,-1,4.167,-1,2.838,1,6.866,-1,7.035,,,,,-1,15.03,,,-1,4.884,-1,4.622,1,12.312,1,4.289,0,2.977,-1,11.819,-1,3.487,-1,8.3,-1,25.422,-1,10.751,,,0,4.86,-1,4.164,0,3.545,1,6.504,-1,7.567,0,6.041,-1,7.805,-1,6.073,0,7.388,0,7.341,1,15.349,0,5.524,-1,8.708,-1,3.964,0,6.108,,,1,6.387,1,7.808,-1,7.785,-1,3.428,1,4.154,0,3.845,1,6.575,,,,,,,,,,,,,,,,,,,,,,,,,,,
A28,32,0.6875,0.15625,0.15625,217.454,0.66329,0.20382,0.13289,4032,0.759672619,0.240327381,336,0.44345,0.39583,0.10417,0.05655,2733,0.978412001,0.021587999,44,0.43182,0.36364,0.13636,0.06818,957,0.957157785,0.042842215,14,0.5,0.42857,0.07143,0,11.3,0.690000832,1.2,1,1.2,17.14294434,228.5794387,12.50305176,1.3711,133.3975277,1.71352,1,4.4,1,9.109,1,13.058,1,2.524,,,1,5.706,1,8.309,1,16.3,1,4.548,1,4.972,1,3.181,-1,9.126,-1,6.902,1,6.265,1,5.607,0,8.84,1,2.76,,,1,7.496,,,,,,,,,,,,,,,,,,,0,9.429,-1,4.198,0,11.124,1,5.987,-1,4.998,0,8.474,1,3.666,-1,3.673,1,9.91,1,2.233,,,,,,,,,,,,,,,,,,,,,,,,,,,,,,,,,,,,,,,,,
C01,43,0.34884,0.30233,0.34884,252.59,0.32547,0.32972,0.34481,4573,0.758364312,0.241635688,230,0.46957,0.41304,0.08696,0.03043,2707,0.966014038,0.033985962,16,0.4375,0.5,0,0.0625,749,0.898531375,0.101468625,18,0.38889,0.33333,0.16667,0.11111,21.95,1,7.45,2,3.725,17.02914594,269.8111053,14.85331217,1.14649,180.8935333,1.49155,1,11.065,1,4.178,-1,13.659,1,4.497,,,-1,4.302,-1,5.976,,,,,1,4.812,1,3.809,-1,8.49,-1,4.093,1,6.817,1,7.572,1,7.963,1,3.584,,,-1,5.479,0,5.408,,,,,,,,,,,,,0,6.42,0,5.894,0,6.6,-1,4.075,0,7.541,0,10.153,0,5.803,0,5.409,-1,7.109,-1,4.667,1,7.802,-1,3.89,1,5.028,-1,4.921,-1,5.299,-1,3.584,1,3.489,,,,,,,0,7.542,,,,,0,6.818,-1,5.848,0,4.979,,,,,,,,,,,,,
C02,47,0.25532,0.19149,0.55319,316.678,0.28523,0.18065,0.53412,4594,0.806486722,0.193513278,311,0.44695,0.44695,0.05145,0.05466,2880,0.95625,0.04375,26,0.5,0.5,0,0,1502,0.940745672,0.059254328,32,0.5,0.5,0,0,13.9,0.585000396,3.1,2,1.55,9.419325199,122.5661915,12.77039645,0.73759,147.2858205,0.83217,-1,11.596,1,5.058,-1,5.906,-1,5.065,-1,4.417,-1,4.767,-1,6.477,,,,,1,9.913,1,5.179,-1,6.667,0,4.266,-1,12.749,1,4.249,-1,6.453,,,,,,,-1,12.304,-1,5.862,,,-1,5.304,-1,3.797,-1,3.476,0,5.73,-1,7.019,-1,7.886,1,10.594,1,11.184,1,13.107,0,8.26,0,7.298,1,8.8,-1,6.11,-1,7.043,0,6.212,,,-1,8.209,-1,5.279,-1,5.774,-1,4.345,-1,4.731,0,4.079,-1,5.578,,,,,,,,,,,,,,,-1,4.22,0,5.996,1,4.909,,,,,,,
C03,38,0.63158,0.18421,0.18421,299.915,0.60742,0.23265,0.15994,5667,0.810834657,0.189165343,482,0.44813,0.43983,0.06017,0.05187,6121,0.97712792,0.02287208,34,0.5,0.47059,0.02941,0,1769,0.988128886,0.011871114,16,0.5,0.4375,0.0625,0,16.6,0.870001495,3.7,2,1.85,17.67427852,299.8068935,17.60565992,1.0039,235.099765,1.27523,-1,5.244,1,4.78,-1,7.59,1,2.729,,,1,4.448,1,9.203,-1,5.767,,,1,4.502,1,3.318,-1,5.555,-1,11.658,1,5.041,-1,6.441,0,7.953,1,13.25,,,1,17.413,,,,,,,,,,,,,,,,,,,0,13.894,0,5.775,0,10.892,0,18.06,1,4.936,1,9.041,1,11.204,1,7.846,1,7.378,1,2.805,1,14.169,1,5.41,1,5.696,1,4.224,,,,,,,,,,,,,,,,,,,,,,,,,,,1,11.687,,,,,
C04,39,0.53846,0.28205,0.17949,248.855,0.47238,0.28878,0.23885,3302,0.79436705,0.20563295,278,0.42086,0.41727,0.08273,0.07914,2867,0.972096268,0.027903732,10,0.4,0.4,0.1,0.1,911,0.940724479,0.059275521,18,0.44444,0.5,0,0.05556,14,1,1.2,1,1.2,18.52725151,204.9397775,7.717105321,2.4008,184.8278071,1.10881,1,7.154,1,4.618,-1,12.19,-1,3.265,1,6.798,1,4.693,1,3.449,1,5.221,1,8.231,1,3.701,1,3.176,1,5.108,,,,,1,4.011,0,5.474,1,5.806,,,-1,10.583,0,8.829,,,,,,,,,,,,,0,4.454,0,5.386,0,13.783,0,5.118,1,11.533,1,10.195,0,7.3,0,7.175,-1,4.621,1,3.664,1,6.699,,,,,,,,,,,-1,7.442,,,,,,,-1,17.872,,,,,,,,,,,-1,3.465,0,4.507,1,5.355,,,0,4.43,,,
C05,29,0.75862,0.13793,0.10345,163.229,0.70305,0.19563,0.10132,4193,0.785118054,0.214881946,298,0.40268,0.36913,0.13087,0.09732,5501,0.968369387,0.031630613,40,0.5,0.5,0,0,1588,0.958438287,0.041561713,16,0.4375,0.5,0,0.0625,29.35,1,14.8,6,2.46667,9.876586696,245.026877,14.78232066,0.66814,181.0661103,1.35325,1,7.821,1,3.955,-1,5.141,1,4.056,,,1,3.993,1,3.517,1,4.622,1,4.57,1,3.854,1,6.237,1,7.057,,,,,1,4.654,1,7.073,1,4.365,,,1,4.964,,,,,,,,,,,,,,,,,,,-1,7.641,1,4.507,0,10.719,1,5.851,0,6.132,1,13.162,1,3.904,-1,3.757,0,8.918,1,2.288,,,,,,,,,,,,,,,,,,,,,,,,,,,,,,,,,,,,,,,,,
C06,36,0.41667,0.33333,0.25,249.589,0.39371,0.33777,0.26853,4256,0.699718045,0.300281955,294,0.38776,0.38776,0.11224,0.11224,2999,0.937312437,0.062687563,32,0.5,0.5,0,0,1551,0.962604771,0.037395229,30,0.43333,0.5,0,0.06667,12.3,0.920001686,0,0,0,20.29163443,213.8246136,4.889439763,4.15009,63.28723627,3.37864,1,5.823,1,4.484,-1,8.222,1,2.547,,,-1,4.035,1,10.826,1,12.662,1,5.408,1,7.695,-1,8.089,-1,6.768,-1,5.978,1,5.184,1,4.143,-1,4.097,,,,,,,0,5.152,,,,,,,,,,,,,0,9.986,0,5.906,0,6.009,0,5.462,0,12.361,1,12.084,0,3.997,0,4.832,-1,8.287,-1,7.351,-1,14.194,1,3.103,,,,,,,,,1,9.13,,,,,,,0,8.575,,,,,0,8.449,0,5.367,,,,,,,,,,,,,,,
C07,36,0.55556,0.16667,0.27778,218.617,0.60901,0.17388,0.21711,3897,0.794200667,0.205799333,266,0.39098,0.34586,0.15414,0.10902,2561,0.935962515,0.064037485,24,0.5,0.5,0,0,1080,0.911111111,0.088888889,40,0.5,0.475,0.025,0,23.3,0.755001068,4.9,2,2.45,4.62072317,37.35144525,7.276229858,0.63504,31.56056126,1.18348,-1,5.931,1,4.379,-1,5.262,-1,4.789,-1,3.633,-1,5.584,1,5.057,1,4.919,1,5.69,1,7.185,1,8.914,1,15.236,,,,,-1,6.278,1,6.103,-1,3.41,1,5.398,-1,4.408,0,8.793,,,,,,,,,,,,,,,,,0,6.175,0,4.187,1,9.684,0,8.914,0,3.775,1,4.544,1,7.094,1,3.965,1,8.819,,,,,,,,,,,,,,,,,,,1,5.235,1,4.178,,,,,,,,,,,,,,,,,,,,,
C08,42,0.5,0.2619,0.2381,233.011,0.50283,0.29548,0.2017,4531,0.904436107,0.095563893,190,0.44737,0.40526,0.09474,0.05263,3681,0.997826678,0.002173322,8,0.375,0.5,0,0.125,1274,0.991365777,0.008634223,3,0.66667,0.33333,0,0,20.9,0.675000787,12.35,5,2.47,5.838370912,78.90155849,5.694166917,1.02532,62.25405273,1.26741,-1,4.844,1,3.732,-1,5.291,-1,4.026,-1,3.175,1,5.262,1,4.814,1,4.783,1,4.939,1,4.383,1,3.373,1,7.578,,,,,1,10.884,1,3.498,1,3.765,,,-1,7.419,-1,4.709,0,7.531,0,6.541,0,4.453,1,5.297,,,,,0,5.953,0,6.708,0,8.841,0,5.663,1,8.831,0,7.974,0,4.113,1,4.998,-1,4.42,1,1.757,1,5.87,,,,,,,,,,,-1,2.042,,,,,-1,6.741,,,,,,,,,,,,,-1,4.331,0,3.864,1,11.107,,,,,,,
C09,40,0.625,0.175,0.2,271.436,0.67511,0.13799,0.1869,4969,0.823505736,0.176494264,272,0.4375,0.40809,0.09191,0.0625,3148,0.950444727,0.049555273,20,0.5,0.5,0,0,1035,0.965217391,0.034782609,10,0.4,0.4,0.1,0.1,11.15,0.680000782,2.1,1,2.1,18.05646783,290.0844053,16.44909274,1.09772,193.9714873,1.4955,1,10.707,1,3.663,-1,6.727,-1,7.124,1,5.238,1,6.454,-1,5.048,,,,,1,4.417,1,12.053,1,5.98,,,,,1,3.309,0,4.319,1,2.966,,,-1,6.496,0,4.419,,,,,,,,,,,,,1,5.697,,,1,12.96,0,8.003,1,11.484,1,9.485,1,6.971,1,5.469,-1,5.553,-1,6.866,1,17.241,,,1,5.178,1,4.754,1,4.692,-1,4.335,1,3.844,,,,,,,0,7.399,,,,,0,3.72,0,5.086,,,,,,,,,-1,8.582,,,,,
C10,37,0.54054,0.16216,0.2973,209.823,0.52256,0.19671,0.28073,3930,0.80610687,0.19389313,318,0.43396,0.4434,0.0566,0.06604,3351,0.9594151,0.0405849,24,0.5,0.5,0,0,1086,0.991712707,0.008287293,6,0.5,0.5,0,0,15.4,0.555000305,8.25,4,2.0625,11.70184518,339.4677254,13.59769306,0.86058,221.6576143,1.5315,-1,6.59,1,9.267,-1,5.117,-1,4.551,-1,3.062,1,2.116,1,4.741,1,4.973,1,5.344,1,4.92,1,5.091,-1,5.604,-1,5.282,1,6.992,1,5.531,1,3.445,1,4.876,,,-1,4.569,0,5.932,,,,,,,,,,,,,,,,,0,6.268,-1,5.93,0,6.622,0,10.746,0,6.308,1,9.298,1,3.91,1,4.694,1,6.466,,,,,,,,,,,,,,,,,,,1,4.838,1,3.263,,,,,,,,,,,,,,,,,,,,,
C11,43,0.32558,0.30233,0.37209,271.907,0.33747,0.34048,0.32205,4616,0.79592721,0.20407279,356,0.39326,0.35112,0.14888,0.10674,3510,0.939316239,0.060683761,16,0.4375,0.375,0.125,0.0625,1267,0.91554854,0.08445146,30,0.5,0.5,0,0,24.15,1,8.05,4,2.0125,12.67435224,251.557949,10.77134011,1.17667,85.66488196,2.93654,1,25.61,1,3.27,-1,5.242,1,4.147,,,-1,4.425,1,6.682,-1,7.783,,,-1,4.757,,,-1,8.796,-1,6.616,1,6.562,-1,4.543,-1,5.997,,,,,,,0,6.708,,,,,,,,,,,,,0,4.832,0,5.797,0,6.55,-1,4.342,0,7.531,0,12.384,0,8.709,0,6.997,-1,5.688,1,4.579,1,7.425,1,3.615,-1,6.035,1,5.56,-1,6.97,-1,3.737,1,3.71,,,,,,,1,7.054,-1,3.31,-1,4.398,0,4.588,0,14.903,,,,,,,,,,,,,0,4.953,
C12,41,0.19512,0.29268,0.5122,249.783,0.21389,0.3053,0.48081,5061,0.783639597,0.216360403,278,0.44245,0.44604,0.05396,0.05755,2772,0.925324675,0.074675325,16,0.5,0.5,0,0,1131,0.987621574,0.012378426,12,0.41667,0.5,0,0.08333,18,0.655000687,6.9,1,6.9,11.07781762,123.6937729,11.77877492,0.94049,129.2991074,0.95665,-1,5.756,1,5.115,-1,7.719,-1,4.471,-1,3.15,1,8.042,-1,7.211,,,,,1,5.862,1,3.847,-1,7.742,-1,5.209,-1,5.402,-1,5.286,-1,3.642,,,,,,,0,7.708,,,,,,,,,,,,,-1,4.665,0,4.93,0,8.44,-1,4.631,0,9.297,0,6.72,0,4.72,1,8.619,-1,5.489,-1,4.264,0,7.11,,,1,6.282,-1,7.748,-1,4.062,-1,3.681,1,12.172,,,,,,,0,7.665,,,,,0,3.653,-1,10.018,0,6.063,,,,,,,,,,,,,
C13,46,0.28261,0.21739,0.5,209.799,0.26697,0.22399,0.50905,4584,0.80061082,0.19938918,256,0.44922,0.4375,0.0625,0.05078,3479,0.970106352,0.029893648,24,0.5,0.5,0,0,1517,0.951878708,0.048121292,22,0.45455,0.5,0,0.04545,22.15,1,2.3,2,1.15,10.6395964,212.0410029,21.23531494,0.50103,287.5346474,0.73745,1,6.539,1,5.488,1,5.888,-1,3.418,1,3.192,1,4.198,-1,4.215,,,,,1,4.42,-1,3.608,-1,6.953,-1,3.808,-1,5.454,1,3.478,-1,6.341,,,,,,,-1,3.953,0,6.365,0,3.509,-1,4.564,1,3.609,,,,,-1,3.824,-1,3.542,-1,7.273,0,3.433,-1,6.175,0,6.074,0,3.343,0,4.476,-1,5.444,1,3.466,0,3.48,,,1,5.166,-1,4.462,-1,5.031,-1,3.681,-1,4.222,,,,,-1,2.817,,,,,,,,,,,,,-1,3.532,0,7.062,0,4.441,,,,,,,
C15,40,0.45,0.2,0.35,293.263,0.40292,0.24036,0.35672,4283,0.856876021,0.143123979,296,0.41554,0.39189,0.10811,0.08446,3488,0.982224771,0.017775229,20,0.5,0.5,0,0,1093,0.974382434,0.025617566,14,0.5,0.42857,0.07143,0,20.2,0.545000255,11.7,5,2.34,4.808594711,70.17894949,6.262288908,0.76787,52.48521756,1.33712,1,15.86,1,4.086,-1,4.923,-1,5.296,-1,9.611,1,5.984,1,5.85,1,17.746,1,5.25,1,4.287,1,3.062,-1,5.699,-1,3.88,-1,7.927,1,5.242,-1,6.486,,,,,,,-1,4.33,0,13.95,0,3.531,0,5.276,-1,4.153,0,4.487,1,3.898,0,6.996,-1,7.393,-1,9.8,0,4.33,0,22.702,1,7.286,1,6.371,1,11.084,-1,12.84,1,5.334,1,6.659,,,,,,,,,,,1,3.495,,,,,,,,,,,,,,,,,,,,,,,,,,,,,,,
C16,38,0.68421,0.10526,0.21053,206.355,0.66174,0.10316,0.2351,4329,0.872487872,0.127512128,236,0.45763,0.43644,0.06356,0.04237,3229,0.960359244,0.039640756,14,0.5,0.42857,0.07143,0,1100,0.991818182,0.008181818,10,0.4,0.2,0.3,0.1,17.8,1,4.8,2,2.4,18.19121814,295.0148882,17.32550173,1.04997,165.2882008,1.78485,1,7.286,1,11.864,1,5.721,1,3.065,,,-1,4.902,1,6.203,1,5.164,1,4.639,1,4.98,1,3.515,-1,8.645,-1,8.273,1,4.517,1,6.054,0,6.219,-1,3.967,1,3.82,-1,4.199,0,4.807,,,,,,,,,,,,,,,,,1,5.531,0,5.619,1,8.198,1,8.775,1,3.776,1,4.132,1,4.063,1,3.309,1,6.534,1,3.224,,,,,,,,,,,,,,,,,1,6.641,1,3.287,,,,,,,,,,,,,,,,,,,,,
C17,44,0.52273,0.25,0.22727,236.729,0.48874,0.30317,0.20809,5209,0.754079478,0.245920522,497,0.4004,0.38833,0.11066,0.1006,3327,0.969041178,0.030958822,40,0.475,0.425,0.075,0.025,1031,0.923375364,0.076624636,24,0.5,0.41667,0.08333,0,22.25,1,6.4,3,2.13333,7.062964038,72.59241693,11.15075473,0.63341,111.2068809,0.65277,1,5.91,-1,3.576,-1,6.07,1,2.872,,,1,4.532,-1,5.768,,,,,-1,5.042,,,1,5.492,,,,,-1,4.776,0,3.743,1,3.148,,,-1,4.52,0,4.009,,,,,,,,,,,,,-1,5.64,-1,6.288,0,7.764,0,8.848,0,7.93,0,10.374,1,5.297,1,5.631,1,5.909,1,3.644,1,7.456,1,2.705,1,4.888,1,4.573,1,4.729,1,5.721,,,,,,,,,1,5.487,,,-1,3.932,0,5.874,0,5.587,,,,,,,,,1,11.397,,,,,
C18,49,0.16327,0.2449,0.59184,279.112,0.12078,0.25588,0.62334,5016,0.780901116,0.219098884,394,0.45178,0.45178,0.04822,0.04822,3857,0.950220379,0.049779621,16,0.5,0.5,0,0,2011,0.958229736,0.041770264,22,0.45455,0.40909,0.09091,0.04545,19.4,0.970001876,4.05,3,1.35,6.238322051,34.86321967,11.01657045,0.56627,43.65201553,0.79866,-1,6.015,-1,4.984,-1,4.87,-1,10.404,-1,3.286,1,3.595,-1,8.791,,,,,1,5.05,1,2.965,-1,6.018,0,8.307,1,7.161,1,4.353,-1,5.175,,,,,,,-1,5.497,-1,4.645,,,-1,4.164,-1,3.485,-1,3.712,0,4.053,-1,14.712,-1,9.439,0,6.253,-1,3.721,0,3.517,0,7.464,-1,5.234,0,3.709,-1,3.779,-1,3.512,0,5.548,,,1,5.648,-1,4.8,-1,4.682,-1,3.667,-1,4.62,0,2.969,-1,3.599,,,,,,,,,,,,,,,-1,3.489,0,6.996,0,7.573,,,,,,,
C20,42,0.40476,0.2381,0.35714,239.5,0.38486,0.25894,0.3562,4711,0.864147739,0.135852261,242,0.47107,0.44628,0.05372,0.02893,3484,0.9847876,0.0152124,8,0.5,0.5,0,0,1145,0.936244541,0.063755459,18,0.5,0.5,0,0,19.65,0.765001118,7.25,4,1.8125,11.60497222,259.5093921,8.958978763,1.29535,129.1280939,2.00971,-1,7.887,1,5.799,-1,5.695,1,8.336,,,1,4.081,1,4.716,1,5.052,1,4.952,1,4.75,1,5.519,-1,5.551,-1,4.37,-1,6.341,-1,4.665,0,5.32,-1,7.817,1,3.11,-1,4.186,-1,4.442,0,4.62,0,6.141,0,4.199,-1,3.976,0,2.617,1,3.778,-1,6.552,-1,5.498,0,6.862,0,5.52,0,8.285,0,11.701,1,11.113,1,5.232,1,6.288,-1,4.691,1,5.806,-1,4.526,,,,,,,,,,,,,,,,,,,,,,,,,,,,,,,,,,,,,,,,,
C21,41,0.36585,0.29268,0.34146,229.507,0.32683,0.3175,0.35567,3880,0.875773196,0.124226804,196,0.44898,0.42857,0.07143,0.05102,2507,0.97327483,0.02672517,24,0.45833,0.33333,0.16667,0.04167,746,0.95844504,0.04155496,16,0.5,0.4375,0.0625,0,25.9,0.950001836,10.45,5,2.09,7.690313178,108.3499108,6.210190909,1.23834,67.5669719,1.60359,-1,5.603,1,6.378,-1,5.595,-1,8.511,1,3.169,1,4.94,1,6.816,1,5.78,1,5.179,1,5.23,1,4.38,-1,6.584,-1,4.762,-1,4.243,-1,5.121,0,5.751,1,3.165,,,-1,4.499,-1,8.662,0,4.808,-1,3.399,0,5.175,-1,7.702,0,3.448,0,4.431,1,5.493,,,0,8.812,0,4.941,0,9.914,0,10.619,0,5.288,0,4.125,-1,4.178,-1,5.067,1,7.075,,,,,,,,,,,1,4.134,,,,,,,,,,,,,,,,,,,,,,,,,,,,,,,
C22,38,0.47368,0.26316,0.26316,214.564,0.44531,0.29864,0.25605,4530,0.877041943,0.122958057,192,0.46875,0.45312,0.04688,0.03125,2533,0.979865772,0.020134228,16,0.5,0.375,0.125,0,864,0.989583333,0.010416667,6,0.33333,0.5,0,0.16667,18.35,1,4.65,1,4.65,15.47364618,168.3223019,8.228100586,1.88059,43.65138512,3.85606,-1,5.27,1,4.397,-1,5.121,1,6.609,,,-1,3.895,1,4.51,1,4.075,1,4.325,1,5.322,1,3.223,-1,5.899,-1,4.921,-1,4.383,1,3.448,1,5.72,-1,4.107,1,3.855,-1,6.069,0,5.28,,,,,,,,,,,,,0,6.14,0,6.13,0,10.86,1,5.054,0,7.541,1,7.964,0,6.931,1,7.874,1,8.664,-1,4.035,-1,11.24,1,4.365,,,,,,,,,,,,,,,,,0,5.331,,,,,0,3.877,0,6.564,,,,,,,,,,,,,,,
C24,35,0.6,0.17143,0.22857,308.407,0.62036,0.18443,0.19522,4431,0.809749492,0.190250508,248,0.45565,0.43145,0.06855,0.04435,4569,0.978113373,0.021886627,24,0.5,0.45833,0.04167,0,2377,0.993268826,0.006731174,14,0.35714,0.35714,0.14286,0.14286,12.65,0.680000782,0,0,0,10.07828083,111.4735409,8.588893725,1.17341,137.9510338,0.80807,1,11.681,-1,4.187,1,7.074,1,21.473,,,1,4.79,1,3.065,1,3.936,1,5.775,1,3.18,1,7.901,-1,5.725,-1,4.184,-1,4.265,1,5.388,0,4.498,1,6.719,,,1,10.273,,,,,,,,,,,,,,,,,,,0,13.272,0,18.635,0,7.702,1,17.038,0,4.144,1,8.334,-1,11.927,-1,1.728,1,13.571,1,3.409,,,,,,,,,1,12.824,,,,,,,,,,,,,,,,,,,,,,,,,,,,,,,
C26,43,0.27907,0.23256,0.48837,226.315,0.28058,0.25937,0.46005,4424,0.773056058,0.226943942,294,0.43878,0.41497,0.08503,0.06122,3586,0.982710541,0.017289459,12,0.5,0.5,0,0,1009,0.960356789,0.039643211,14,0.42857,0.5,0,0.07143,22,0.57000035,11.9,3,3.96667,5.467635702,113.9954195,6.414225652,0.85242,101.0546114,1.12806,-1,6.684,1,3.842,-1,5.62,-1,7.613,-1,2.738,-1,3.616,1,6.133,-1,4.561,,,1,4.499,1,3.604,-1,5.262,-1,5.403,-1,5.461,1,7.897,-1,3.455,,,,,,,-1,5.408,0,6.237,0,5.691,-1,4.554,-1,3.576,-1,2.753,0,3.788,0,5.585,-1,5.374,0,7.474,1,3.643,0,10.007,0,6.031,0,2.798,1,4.764,1,4.355,-1,4.055,0,6.602,,,1,5.252,-1,5.397,-1,6.714,-1,4.324,,,,,,,,,,,,,,,,,,,,,,,,,,,,,,,,,
C27,43,0.48837,0.18605,0.32558,290.846,0.49541,0.15914,0.34545,3675,0.794829932,0.205170068,206,0.44175,0.40777,0.09223,0.05825,3369,0.950430395,0.049569605,28,0.42857,0.42857,0.07143,0.07143,929,0.897739505,0.102260495,24,0.45833,0.5,0,0.04167,21.15,0.5600003,13.05,5,2.61,7.828914695,126.5819247,12.02480844,0.65106,112.2501871,1.12768,1,7.73,1,5.801,1,6.238,1,7.454,,,1,8.7,1,4.492,1,7.152,1,6.477,1,6.79,1,5.888,-1,5.566,-1,5.556,-1,7.414,-1,15.305,0,4.288,-1,4.587,1,2.607,-1,5.344,-1,11.039,-1,7.497,,,0,8.707,-1,3.687,0,5.031,1,10.84,0,6.752,-1,4.942,-1,6.775,-1,9.502,1,11.306,1,8.468,0,4.032,0,4.117,1,3.976,-1,5.873,1,6.796,1,6.618,,,,,,,,,,,0,5.529,-1,7.386,,,,,,,,,,,,,,,,,,,,,,,,,,,
C28,44,0.40909,0.34091,0.25,355.147,0.38802,0.36885,0.24312,5265,0.778537512,0.221462488,364,0.43132,0.40934,0.09066,0.06868,3224,0.94633995,0.05366005,42,0.5,0.45238,0.04762,0,1016,0.981299213,0.018700787,12,0.41667,0.5,0,0.08333,40.3,0.680000782,26.1,4,6.525,4.559405006,117.7142167,6.806738583,0.66984,51.14331414,2.30165,1,14.193,1,6.331,-1,6.323,1,2.97,,,-1,9.775,1,7.236,-1,10.715,,,1,4.325,1,6.161,-1,7.385,0,12.849,1,6.554,1,8.284,0,7.408,-1,3.157,1,3.465,-1,5.063,0,10.729,,,,,,,,,,,,,-1,6.242,0,4.598,-1,13.581,0,7.365,0,16.549,0,6.664,0,5.11,0,8.864,1,4.042,1,9.705,0,6.081,-1,6.395,-1,13.941,1,7.473,1,8.4,-1,3.768,,,,,,,,,0,8.417,,,,,0,4.114,0,12.87,,,,,,,,,1,16.997,,,,,
C30,42,0.38095,0.28571,0.33333,262.369,0.40604,0.29108,0.30288,4711,0.807471874,0.192528126,248,0.41532,0.41532,0.08468,0.08468,2418,0.964433416,0.035566584,24,0.5,0.41667,0.08333,0,781,0.967989757,0.032010243,8,0.5,0.375,0.125,0,25.5,0.645000637,14.3,3,4.76667,8.996442643,131.3365815,7.275912198,1.23647,132.4069035,0.99192,1,8.108,1,5.09,1,7.239,1,4.319,,,-1,4.425,-1,5.237,,,,,1,4.285,1,2.898,-1,5.16,-1,4.133,1,8.5,1,4.353,-1,4.397,,,,,,,0,6.686,,,,,,,,,,,,,0,7.13,0,6.441,-1,10.196,0,7.107,0,6.997,1,7.752,0,3.405,0,7.685,1,4.53,-1,4.002,0,7.052,-1,9.338,1,8.758,-1,6.26,-1,4.946,-1,5.092,,,,,,,,,0,9.274,,,,,0,4.165,-1,5.194,-1,5.345,,,,,,,,,,,,,
C32,48,0.3125,0.27083,0.41667,316.775,0.27971,0.293,0.42729,5748,0.81506611,0.18493389,356,0.41854,0.41011,0.08989,0.08146,4847,0.963276253,0.036723747,44,0.43182,0.47727,0.02273,0.06818,1331,0.939143501,0.060856499,36,0.44444,0.41667,0.08333,0.05556,18.95,1,7.6,2,3.8,14.07302212,248.8362087,16.39628092,0.85831,237.345356,1.04841,1,12.727,-1,4.373,1,8.264,1,4.096,,,-1,6.607,-1,4.775,,,,,1,4.529,1,4.595,-1,8.398,-1,6.37,1,7.911,1,6.675,0,10.584,-1,5.675,-1,5.964,-1,10.95,-1,8.751,0,5.876,-1,7.94,-1,5.718,-1,3.855,0,4.92,0,4.531,0,7.497,0,7.618,-1,12.539,0,4.331,0,9.064,0,10.263,1,7.007,0,9.355,-1,7.243,-1,5.509,0,7.103,1,3.563,-1,8.75,1,4.688,-1,7.95,-1,4.488,1,4.71,,,,,,,,,,,,,,,,,,,,,,,,,,,,,,,
C34,44,0.40909,0.15909,0.43182,220.045,0.42656,0.13859,0.43485,4218,0.807728781,0.192271219,202,0.45545,0.42079,0.07921,0.04455,2478,0.971751412,0.028248588,10,0.5,0.5,0,0,942,1,0,0,0,0,0,0,19.15,1,7.4,2,3.7,18.16927703,229.5162021,5.856319062,3.10251,111.8232905,2.05249,1,6.441,1,4.228,-1,5.228,1,6.046,,,-1,4.148,-1,4.294,,,,,1,4.924,1,3.43,-1,5.391,-1,5.245,1,6.042,1,5.506,-1,5.619,,,,,,,-1,4.709,0,5.565,0,3.608,-1,6.242,-1,3.809,0,2.798,0,3.977,1,4.598,,,-1,5.875,0,5.752,1,7.044,1,6.241,0,3.397,1,5.232,-1,6.488,-1,4.866,1,5.743,1,7.532,1,5.304,-1,5.19,-1,5.109,-1,3.32,-1,3.491,,,,,,,,,,,,,,,,,,,-1,3.992,1,5.352,-1,6.796,,,,,,,
C35,39,0.51282,0.25641,0.23077,212.742,0.47675,0.28914,0.23411,4168,0.852207294,0.147792706,240,0.42083,0.3875,0.1125,0.07917,3173,0.976993382,0.023006618,26,0.46154,0.38462,0.11538,0.03846,958,0.996868476,0.003131524,6,0.5,0.5,0,0,37.7,0.725000978,23.55,2,11.775,2.73590005,31.68957863,6.115347055,0.44738,25.78439695,1.22902,1,5.156,1,3.931,-1,8.154,1,6.18,,,1,5.472,1,5.994,1,4.85,1,4.917,1,6.68,1,4.713,1,8.313,,,,,1,3.837,1,6.976,-1,3.331,1,3.665,-1,6.875,-1,5.13,0,5.51,-1,3.465,-1,4.564,-1,3.828,0,2.848,1,6.086,0,6.308,0,6.236,-1,6.146,0,3.921,0,5.988,0,7.677,0,3.666,0,7.908,1,5.131,1,3.71,1,5.508,1,4.203,,,,,,,,,,,,,,,,,,,,,,,,,,,,,,,,,,,,,,,,,
C36,31,0.70968,0.19355,0.09677,154.493,0.67399,0.20321,0.12281,4198,0.783468318,0.216531682,316,0.43038,0.42089,0.07911,0.06962,2314,0.956352636,0.043647364,28,0.5,0.5,0,0,910,0.98021978,0.01978022,9,0.55556,0.44444,0,0,24.35,0.950001836,9.05,4,2.2625,7.194592131,101.8062893,14.95521763,0.48108,105.2500744,0.96728,1,3.354,1,5.917,-1,5.085,1,3.86,,,1,4.663,1,3.933,1,4.668,1,4.92,1,4.06,1,8.542,-1,5.959,-1,7.929,1,4.184,1,3.306,1,4.132,1,3.443,,,1,6.54,,,,,,,,,,,,,,,,,,,0,5.588,0,3.62,0,5.754,0,5.726,0,5.176,1,5.817,1,3.841,1,3.082,1,6.522,1,4.946,,,,,,,,,,,,,,,,,,,,,,,,,,,,,,,,,,,,,,,,,
C38,38,0.42105,0.23684,0.34211,198.244,0.41608,0.23305,0.35087,3834,0.833333333,0.166666667,258,0.46124,0.45349,0.04651,0.03876,3535,0.976520509,0.023479491,36,0.44444,0.44444,0.05556,0.05556,1276,0.992163009,0.007836991,13,0.53846,0.30769,0.15385,0,14.4,0.605000496,3,1,3,9.801033422,125.5088317,5.513532923,1.77763,50.74924497,2.47312,-1,5.31,1,4.485,-1,5.71,-1,3.985,-1,2.665,1,5.007,1,4.191,1,4.541,1,4.825,1,3.971,1,3.16,-1,4.989,-1,3.96,-1,5.819,1,4.076,0,4.099,-1,4.442,-1,3.855,-1,9.884,0,6.63,,,,,,,,,,,,,,,,,0,11.15,0,3.765,0,3.709,0,3.153,0,3.954,0,4.399,1,5.465,-1,5.948,1,7.564,,,,,,,,,,,,,,,,,,,1,9.308,1,3.564,,,,,,,,,,,,,,,,,,,,,
C39,44,0.52273,0.20455,0.27273,354.833,0.45458,0.24005,0.30537,6151,0.843765241,0.156234759,244,0.46311,0.45082,0.04918,0.03689,3294,0.962962963,0.037037037,24,0.375,0.45833,0.04167,0.125,1547,0.901745314,0.098254686,33,0.48485,0.39394,0.09091,0.0303,14.6,0.700000882,4.25,1,4.25,17.02106273,239.6953119,13.73195103,1.23952,85.00472907,2.81979,-1,8.509,1,10.285,-1,12.681,1,6.272,,,-1,12.814,-1,10.194,,,,,1,4.97,1,5.209,-1,19.364,0,10.749,1,8.241,1,5.453,1,4.312,1,4.756,,,-1,6.229,0,8.874,,,,,,,,,,,,,0,4.576,1,9.044,0,9.335,0,7.962,0,17.355,0,9.456,0,8.219,1,6.732,-1,6.222,1,10.906,1,10.651,1,3.696,1,6.835,1,6.364,-1,7.231,-1,4.545,1,5.264,,,,,,,1,7.064,,,-1,5.15,-1,5.5,,,,,,,,,,,,,,,,,
C40,49,0.26531,0.30612,0.42857,291.726,0.29441,0.32608,0.37951,4780,0.848953975,0.151046025,268,0.48134,0.45896,0.04104,0.01866,3041,0.922393949,0.077606051,24,0.5,0.45833,0.04167,0,1406,0.997866287,0.002133713,2,0.5,0.5,0,0,13.8,0.5600003,6.45,3,2.15,9.510631214,127.258888,8.760751578,1.0856,38.61974452,3.29518,-1,5.329,-1,4.332,-1,5.306,-1,4.385,-1,4.542,1,6.061,-1,5.233,,,,,1,15.061,-1,3.434,1,7.254,,,,,1,3.588,0,6.497,-1,7.22,1,5.372,-1,4.344,0,6.52,,,,,,,,,,,,,0,5.531,0,7.207,0,6.364,0,3.864,0,8.885,0,6.431,0,4.342,0,7.818,-1,7.441,-1,5.062,0,8.168,,,1,7.122,-1,6.185,-1,6.492,-1,4.412,-1,5.353,,,,,,,1,7.086,,,-1,3.765,-1,8.34,,,,,-1,3.845,0,6.462,1,8.885,,,,,,,
C41,42,0.40476,0.2381,0.35714,253.565,0.34298,0.3242,0.33283,4309,0.789278255,0.210721745,288,0.43056,0.375,0.125,0.06944,3070,0.954397394,0.045602606,16,0.4375,0.5,0,0.0625,1484,0.989218329,0.010781671,12,0.5,0.5,0,0,27.35,0.825001359,12.35,5,2.47,8.047428405,134.4664533,4.911012811,1.63865,47.74873445,2.81613,-1,5.022,-1,7.485,1,9.921,-1,2.996,-1,2.856,-1,7.72,1,4.999,1,4.097,1,4.638,1,4.277,1,2.853,-1,5.769,-1,4.212,1,6.669,1,4.122,-1,5.771,,,,,,,0,5.968,,,,,,,,,,,,,,,,,0,9.8,0,7.758,0,12.85,0,11.564,0,3.821,0,8.007,-1,4.157,-1,3.932,0,9.479,,,,,,,,,,,-1,3.599,,,,,,,1,6.569,1,5.286,,,,,,,,,-1,3.754,1,5.818,0,5.952,,,,,,,
C47,45,0.33333,0.28889,0.37778,240.198,0.29403,0.29535,0.41062,4037,0.801585336,0.198414664,244,0.40574,0.38525,0.11475,0.09426,2820,0.961702128,0.038297872,14,0.5,0.5,0,0,1343,0.951600894,0.048399106,46,0.47826,0.45652,0.04348,0.02174,16,0.690000832,5.45,3,1.81667,12.41571115,230.696733,16.89638884,0.73481,177.8576678,1.29709,-1,5.951,1,5.33,-1,6.373,-1,6.521,1,2.903,-1,3.869,1,5.065,1,5.11,1,5.027,1,4.102,1,2.988,-1,7.285,-1,5.024,1,8.456,1,3.877,0,4.785,-1,16.625,-1,4.564,-1,4.671,-1,6.703,0,5.087,0,3.297,0,5.253,1,3.676,,,,,0,3.3,-1,5.83,0,6.33,0,3.764,0,10.606,0,5.398,-1,5.16,0,4.517,-1,3.531,1,3.308,0,9.521,,,,,,,,,,,-1,3.109,,,,,-1,3.019,,,,,,,,,,,,,-1,3.667,-1,6.728,0,4.33,,,,,,,
C48,43,0.39535,0.27907,0.32558,301.46,0.35071,0.3129,0.33639,5120,0.752929688,0.247070313,436,0.43349,0.41284,0.08716,0.06651,4348,0.959061638,0.040938362,32,0.46875,0.46875,0.03125,0.03125,923,0.941495125,0.058504875,14,0.5,0.5,0,0,17.5,0.900001645,4.4,2,2.2,10.86394086,151.774239,12.05212402,0.90141,98.87274013,1.53505,-1,9.188,1,7.189,1,9.957,1,4.44,,,-1,6.153,-1,3.958,,,,,1,8.182,1,4.71,-1,4.587,-1,9,-1,4.932,1,6.681,0,5.94,-1,7.831,-1,4.931,-1,8.13,0,14.305,,,,,,,,,,,,,0,4.143,0,10.039,0,6.229,0,9.228,0,7.497,0,13.192,0,8.563,1,7.686,1,4.461,1,3.798,1,10.061,-1,9.215,1,4.507,1,5.102,-1,11.239,-1,3.415,,,,,,,,,0,5.931,,,,,-1,14.25,,,,,,,,,,,,,,,,,
,0,1,2,3,4,5,6,7,,,,,,,,,,,,,,,,,,,,,,,,,41,42,43,44,45,46,47,48,49,50,51,52,53,54,55,56,57,58,59,60,61,62,63,64,65,66,67,68,69,70,71,72,73,74,75,76,77,78,79,80,81,82,83,84,85,86,87,88,89,90,91,92,93,94,95,96,97,98,99,100,101,102,103,104,105,106,107,108,109,110,111,112,113,114,115,116,117,118,119,120,121,122,123,124,125,126,127,128,129,130,131,132,133,134,135,136,137,138,139,140,141,142,143,144,145,146,147,148,149,150,151,152,153,154,155,156,157,158,159,160,161,162,163,,,,,
